"Date","Price","Open","High","Low","Vol.","Change %"
"05/15/2023","1.2527","1.2456","1.2536","1.2443","37.39K","0.56%"
"05/12/2023","1.2457","1.2514","1.2542","1.2444","72.71K","-0.42%"
"05/11/2023","1.2509","1.2625","1.2642","1.2496","73.40K","-0.91%"
"05/10/2023","1.2624","1.2621","1.2680","1.2601","77.11K","0.04%"
"05/09/2023","1.2619","1.2618","1.2641","1.2578","79.06K","0.02%"
"05/08/2023","1.2617","1.2641","1.2670","1.2613","74.66K","-0.19%"
"05/05/2023","1.2641","1.2571","1.2653","1.2559","97.13K","0.55%"
"05/04/2023","1.2572","1.2556","1.2600","1.2548","104.67K","0.06%"
"05/03/2023","1.2564","1.2463","1.2591","1.2463","101.20K","0.80%"
"05/02/2023","1.2464","1.2497","1.2514","1.2435","86.71K","-0.26%"
"05/01/2023","1.2496","1.2566","1.2572","1.2479","61.51K","-0.60%"
"04/28/2023","1.2572","1.2498","1.2585","1.2445","100.26K","0.68%"
"04/27/2023","1.2487","1.2466","1.2501","1.2436","85.92K","0.16%"
"04/26/2023","1.2467","1.2408","1.2516","1.2402","88.21K","0.48%"
"04/25/2023","1.2408","1.2480","1.2508","1.2386","91.39K","-0.59%"
"04/24/2023","1.2482","1.2439","1.2487","1.2409","96.86K","0.42%"
"04/21/2023","1.2430","1.2435","1.2449","1.2366","76.69K","-0.10%"
"04/20/2023","1.2443","1.2443","1.2469","1.2405","88.39K","0.04%"
"04/19/2023","1.2438","1.2428","1.2476","1.2392","67.83K","0.11%"
"04/18/2023","1.2424","1.2373","1.2450","1.2368","97.33K","0.40%"
"04/17/2023","1.2374","1.2414","1.2440","1.2352","83.46K","-0.31%"
"04/14/2023","1.2413","1.2525","1.2548","1.2399","98.77K","-0.85%"
"04/13/2023","1.2520","1.2485","1.2538","1.2478","114.93K","0.31%"
"04/12/2023","1.2481","1.2426","1.2496","1.2398","92.65K","0.46%"
"04/11/2023","1.2424","1.2383","1.2457","1.2379","94.47K","0.35%"
"04/10/2023","1.2381","1.2423","1.2444","1.2344","60.56K","-0.26%"
"04/07/2023","1.2413","1.2441","1.2457","1.2390","55.80K","-0.21%"
"04/06/2023","1.2439","1.2462","1.2490","1.2412","68.05K","-0.14%"
"04/05/2023","1.2457","1.2502","1.2515","1.2433","71.99K","-0.34%"
"04/04/2023","1.2499","1.2415","1.2527","1.2394","83.50K","0.71%"
"04/03/2023","1.2411","1.2329","1.2424","1.2274","104.26K","0.63%"
"03/31/2023","1.2333","1.2385","1.2424","1.2325","99.53K","-0.40%"
"03/30/2023","1.2383","1.2313","1.2394","1.2293","98.93K","0.58%"
"03/29/2023","1.2311","1.2343","1.2363","1.2303","91.73K","-0.24%"
"03/28/2023","1.2340","1.2284","1.2350","1.2280","88.45K","0.46%"
"03/27/2023","1.2284","1.2229","1.2295","1.2218","99.01K","0.44%"
"03/24/2023","1.2230","1.2290","1.2294","1.2190","96.93K","-0.45%"
"03/23/2023","1.2285","1.2268","1.2344","1.2261","122.04K","0.17%"
"03/22/2023","1.2264","1.2215","1.2336","1.2207","92.17K","0.41%"
"03/21/2023","1.2214","1.2278","1.2284","1.2178","90.13K","-0.51%"
"03/20/2023","1.2276","1.2207","1.2286","1.2167","104.95K","0.83%"
"03/17/2023","1.2175","1.2110","1.2202","1.2099","112.77K","0.56%"
"03/16/2023","1.2107","1.2068","1.2129","1.2027","131.57K","0.35%"
"03/15/2023","1.2065","1.2160","1.2183","1.2010","154.98K","-0.76%"
"03/14/2023","1.2158","1.2184","1.2205","1.2135","142.08K","-0.19%"
"03/13/2023","1.2181","1.2040","1.2201","1.2040","146.51K","1.27%"
"03/10/2023","1.2028","1.1926","1.2114","1.1908","134.58K","0.86%"
"03/09/2023","1.1925","1.1845","1.1940","1.1831","109.69K","0.70%"
"03/08/2023","1.1842","1.1837","1.1860","1.1803","98.25K","0.13%"
"03/07/2023","1.1827","1.2025","1.2067","1.1821","109.22K","-1.61%"
"03/06/2023","1.2021","1.2038","1.2050","1.1992","110.39K","-0.16%"
"03/03/2023","1.2040","1.1943","1.2049","1.1939","109.85K","0.83%"
"03/02/2023","1.1941","1.2031","1.2038","1.1924","120.98K","-0.75%"
"03/01/2023","1.2031","1.2021","1.2090","1.1964","121.11K","0.09%"
"02/28/2023","1.2020","1.2065","1.2145","1.2018","138.68K","-0.35%"
"02/27/2023","1.2062","1.1957","1.2067","1.1922","131.51K","0.99%"
"02/24/2023","1.1944","1.2012","1.2042","1.1928","111.06K","-0.57%"
"02/23/2023","1.2013","1.2055","1.2076","1.1991","100.59K","-0.26%"
"02/22/2023","1.2044","1.2115","1.2136","1.2034","122.15K","-0.59%"
"02/21/2023","1.2115","1.2040","1.2148","1.1985","129.93K","0.64%"
"02/20/2023","1.2038","1.2050","1.2059","1.2014","83.63K","0.02%"
"02/17/2023","1.2035","1.1998","1.2053","1.1914","161.98K","0.35%"
"02/16/2023","1.1993","1.2028","1.2076","1.1964","132.10K","-0.27%"
"02/15/2023","1.2026","1.2172","1.2183","1.1990","108.95K","-1.18%"
"02/14/2023","1.2170","1.2137","1.2270","1.2117","119.81K","0.29%"
"02/13/2023","1.2135","1.2070","1.2153","1.2030","114.65K","0.64%"
"02/10/2023","1.2058","1.2124","1.2141","1.2047","121.63K","-0.53%"
"02/09/2023","1.2122","1.2072","1.2195","1.2056","125.32K","0.42%"
"02/08/2023","1.2071","1.2046","1.2111","1.2036","134.63K","0.24%"
"02/07/2023","1.2042","1.2024","1.2097","1.1960","157.23K","0.22%"
"02/06/2023","1.2016","1.2042","1.2079","1.2004","127.57K","-0.29%"
"02/03/2023","1.2051","1.2225","1.2267","1.2047","138.09K","-1.41%"
"02/02/2023","1.2223","1.2378","1.2401","1.2221","151.53K","-1.24%"
"02/01/2023","1.2376","1.2319","1.2395","1.2272","144.05K","0.45%"
"01/31/2023","1.2320","1.2351","1.2372","1.2283","127.29K","-0.26%"
"01/30/2023","1.2352","1.2399","1.2419","1.2336","136.15K","-0.36%"
"01/27/2023","1.2397","1.2407","1.2421","1.2344","146.64K","-0.07%"
"01/26/2023","1.2406","1.2401","1.2432","1.2344","132.84K","0.05%"
"01/25/2023","1.2400","1.2334","1.2406","1.2282","97.74K","0.58%"
"01/24/2023","1.2328","1.2378","1.2415","1.2262","98.02K","-0.36%"
"01/23/2023","1.2373","1.2404","1.2450","1.2322","102.18K","-0.16%"
"01/20/2023","1.2393","1.2391","1.2406","1.2334","145.74K","0.03%"
"01/19/2023","1.2389","1.2351","1.2399","1.2312","170.84K","0.35%"
"01/18/2023","1.2346","1.2290","1.2437","1.2254","164.29K","0.47%"
"01/17/2023","1.2288","1.2201","1.2301","1.2169","163.72K","0.80%"
"01/16/2023","1.2191","1.2216","1.2291","1.2170","116.73K","-0.29%"
"01/13/2023","1.2226","1.2210","1.2250","1.2149","164.94K","0.21%"
"01/12/2023","1.2200","1.2146","1.2249","1.2087","132.68K","0.48%"
"01/11/2023","1.2142","1.2155","1.2180","1.2099","134.96K","-0.11%"
"01/10/2023","1.2155","1.2190","1.2199","1.2109","174.96K","-0.23%"
"01/09/2023","1.2183","1.2094","1.2212","1.2087","144.30K","0.75%"
"01/06/2023","1.2092","1.1914","1.2101","1.1840","164.88K","1.56%"
"01/05/2023","1.1906","1.2053","1.2079","1.1873","135.70K","-1.22%"
"01/04/2023","1.2053","1.1968","1.2089","1.1954","181.13K","0.73%"
"01/03/2023","1.1966","1.2046","1.2086","1.1899","159.17K","-0.66%"
"01/02/2023","1.2045","1.2098","1.2100","1.2034","18.45K","-0.43%"
"12/30/2022","1.2097","1.2064","1.2109","1.2010","138.54K","0.37%"
"12/29/2022","1.2052","1.2016","1.2080","1.2013","117.12K","0.32%"
"12/28/2022","1.2013","1.2027","1.2126","1.2001","106.83K","-0.07%"
"12/27/2022","1.2021","1.2063","1.2114","1.2001","117.68K","-0.32%"
"12/26/2022","1.2060","1.2044","1.2083","1.2044","5.53K","0.02%"
"12/23/2022","1.2058","1.2044","1.2092","1.2018","142.07K","0.12%"
"12/22/2022","1.2043","1.2078","1.2149","1.1992","143.60K","-0.33%"
"12/21/2022","1.2083","1.2183","1.2194","1.2054","137.91K","-0.80%"
"12/20/2022","1.2181","1.2156","1.2224","1.2084","167.11K","0.29%"
"12/19/2022","1.2146","1.2150","1.2243","1.2119","140.17K","0.05%"
"12/16/2022","1.2140","1.2178","1.2225","1.2119","128.31K","-0.30%"
"12/15/2022","1.2176","1.2426","1.2433","1.2155","146.24K","-1.97%"
"12/14/2022","1.2421","1.2359","1.2448","1.2341","169.32K","0.54%"
"12/13/2022","1.2354","1.2274","1.2445","1.2247","141.25K","0.68%"
"12/12/2022","1.2270","1.2249","1.2300","1.2210","126.39K","0.12%"
"12/09/2022","1.2255","1.2234","1.2324","1.2206","143.35K","0.18%"
"12/08/2022","1.2233","1.2202","1.2249","1.2154","172.92K","0.28%"
"12/07/2022","1.2199","1.2136","1.2236","1.2105","178.00K","0.51%"
"12/06/2022","1.2137","1.2185","1.2270","1.2126","154.38K","-0.42%"
"12/05/2022","1.2188","1.2266","1.2346","1.2161","163.69K","-0.81%"
"12/02/2022","1.2287","1.2254","1.2301","1.2134","147.27K","0.28%"
"12/01/2022","1.2253","1.2056","1.2312","1.2053","171.62K","1.63%"
"11/30/2022","1.2056","1.1951","1.2089","1.1899","189.45K","0.86%"
"11/29/2022","1.1953","1.1954","1.2066","1.1944","132.09K","-0.04%"
"11/28/2022","1.1958","1.2078","1.2119","1.1939","127.43K","-1.12%"
"11/25/2022","1.2093","1.2112","1.2129","1.2057","111.45K","-0.14%"
"11/24/2022","1.2110","1.2054","1.2155","1.2047","146.88K","0.48%"
"11/23/2022","1.2052","1.1885","1.2082","1.1871","129.90K","1.42%"
"11/22/2022","1.1883","1.1825","1.1904","1.1817","137.99K","0.52%"
"11/21/2022","1.1821","1.1889","1.1903","1.1777","144.30K","-0.53%"
"11/18/2022","1.1884","1.1863","1.1952","1.1856","158.53K","0.19%"
"11/17/2022","1.1862","1.1914","1.1959","1.1762","155.16K","-0.39%"
"11/16/2022","1.1908","1.1866","1.1944","1.1831","162.76K","0.42%"
"11/15/2022","1.1858","1.1751","1.2027","1.1739","172.88K","0.90%"
"11/14/2022","1.1752","1.1805","1.1830","1.1709","153.74K","-0.70%"
"11/11/2022","1.1835","1.1716","1.1856","1.1646","171.21K","1.04%"
"11/10/2022","1.1713","1.1358","1.1733","1.1351","165.38K","3.14%"
"11/09/2022","1.1356","1.1543","1.1568","1.1333","156.17K","-1.56%"
"11/08/2022","1.1536","1.1513","1.1601","1.1429","154.18K","0.22%"
"11/07/2022","1.1511","1.1304","1.1543","1.1289","151.65K","1.20%"
"11/04/2022","1.1375","1.1166","1.1383","1.1148","156.27K","1.88%"
"11/03/2022","1.1165","1.1396","1.1423","1.1150","140.15K","-1.97%"
"11/02/2022","1.1389","1.1486","1.1566","1.1387","130.04K","-0.82%"
"11/01/2022","1.1483","1.1471","1.1567","1.1436","131.13K","0.12%"
"10/31/2022","1.1469","1.1609","1.1615","1.1458","133.83K","-1.21%"
"10/28/2022","1.1610","1.1563","1.1624","1.1503","142.25K","0.40%"
"10/27/2022","1.1564","1.1618","1.1647","1.1549","171.63K","-0.54%"
"10/26/2022","1.1627","1.1476","1.1640","1.1430","156.26K","1.40%"
"10/25/2022","1.1467","1.1281","1.1501","1.1270","145.01K","1.70%"
"10/24/2022","1.1275","1.1358","1.1410","1.1257","165.55K","-0.24%"
"10/21/2022","1.1302","1.1243","1.1316","1.1059","152.16K","0.61%"
"10/20/2022","1.1233","1.1223","1.1337","1.1171","183.15K","0.17%"
"10/19/2022","1.1214","1.1320","1.1359","1.1184","163.91K","-0.92%"
"10/18/2022","1.1318","1.1355","1.1411","1.1255","180.90K","-0.31%"
"10/17/2022","1.1353","1.1177","1.1441","1.1177","159.95K","1.64%"
"10/14/2022","1.1170","1.1330","1.1366","1.1151","191.89K","-1.40%"
"10/13/2022","1.1329","1.1106","1.1381","1.1056","161.87K","2.04%"
"10/12/2022","1.1103","1.0968","1.1135","1.0924","179.56K","1.28%"
"10/11/2022","1.0963","1.1058","1.1181","1.0952","171.94K","-0.83%"
"10/10/2022","1.1055","1.1084","1.1113","1.1019","182.05K","-0.26%"
"10/07/2022","1.1084","1.1163","1.1227","1.1055","155.56K","-0.66%"
"10/06/2022","1.1158","1.1328","1.1385","1.1114","175.69K","-1.48%"
"10/05/2022","1.1326","1.1476","1.1496","1.1226","174.53K","-1.28%"
"10/04/2022","1.1473","1.1325","1.1490","1.1280","162.20K","1.33%"
"10/03/2022","1.1322","1.1161","1.1336","1.1085","171.98K","1.45%"
"09/30/2022","1.1160","1.1115","1.1236","1.1023","169.04K","0.40%"
"09/29/2022","1.1115","1.0886","1.1121","1.0761","170.97K","2.08%"
"09/28/2022","1.0888","1.0733","1.0917","1.0539","188.63K","1.46%"
"09/27/2022","1.0731","1.0690","1.0840","1.0653","185.77K","0.44%"
"09/26/2022","1.0684","1.0858","1.0933","1.0384","180.54K","-1.58%"
"09/23/2022","1.0856","1.1256","1.1275","1.0838","155.80K","-3.56%"
"09/22/2022","1.1257","1.1269","1.1366","1.1212","168.64K","-0.08%"
"09/21/2022","1.1266","1.1376","1.1386","1.1237","132.38K","-0.99%"
"09/20/2022","1.1379","1.1434","1.1462","1.1356","123.07K","-0.44%"
"09/19/2022","1.1429","1.1417","1.1444","1.1354","97.03K","0.15%"
"09/16/2022","1.1412","1.1467","1.1482","1.1350","131.07K","-0.44%"
"09/15/2022","1.1463","1.1545","1.1551","1.1460","120.85K","-0.62%"
"09/14/2022","1.1535","1.1493","1.1591","1.1479","141.98K","0.38%"
"09/13/2022","1.1491","1.1692","1.1740","1.1491","128.21K","-1.61%"
"09/12/2022","1.1679","1.1596","1.1712","1.1595","96.91K","0.79%"
"09/09/2022","1.1587","1.1504","1.1649","1.1496","136.04K","0.76%"
"09/08/2022","1.1500","1.1528","1.1563","1.1459","139.02K","-0.22%"
"09/07/2022","1.1525","1.1521","1.1541","1.1405","137.87K","0.08%"
"09/06/2022","1.1516","1.1517","1.1610","1.1493","163.56K","0.03%"
"09/05/2022","1.1513","1.1518","1.1523","1.1443","119.96K","0.05%"
"09/02/2022","1.1507","1.1544","1.1590","1.1495","123.34K","-0.30%"
"09/01/2022","1.1542","1.1623","1.1627","1.1499","142.43K","-0.69%"
"08/31/2022","1.1622","1.1649","1.1695","1.1598","131.39K","-0.28%"
"08/30/2022","1.1655","1.1710","1.1762","1.1621","142.39K","-0.44%"
"08/29/2022","1.1707","1.1749","1.1754","1.1647","99.48K","-0.34%"
"08/26/2022","1.1747","1.1832","1.1902","1.1732","97.49K","-0.69%"
"08/25/2022","1.1829","1.1802","1.1866","1.1783","131.81K","0.27%"
"08/24/2022","1.1797","1.1841","1.1842","1.1755","111.29K","-0.29%"
"08/23/2022","1.1831","1.1777","1.1878","1.1717","126.68K","0.56%"
"08/22/2022","1.1765","1.1824","1.1839","1.1741","134.76K","-0.52%"
"08/19/2022","1.1827","1.1930","1.1942","1.1791","138.39K","-0.86%"
"08/18/2022","1.1930","1.2048","1.2081","1.1922","137.83K","-0.97%"
"08/17/2022","1.2047","1.2095","1.2143","1.2027","122.72K","-0.38%"
"08/16/2022","1.2093","1.2056","1.2119","1.2007","122.45K","0.32%"
"08/15/2022","1.2054","1.2133","1.2149","1.2049","100.76K","-0.63%"
"08/12/2022","1.2130","1.2209","1.2217","1.2099","142.63K","-0.67%"
"08/11/2022","1.2212","1.2228","1.2251","1.2181","138.26K","-0.11%"
"08/10/2022","1.2225","1.2077","1.2278","1.2064","165.16K","1.20%"
"08/09/2022","1.2080","1.2081","1.2132","1.2062","142.53K","0.03%"
"08/08/2022","1.2076","1.2072","1.2139","1.2046","110.23K","0.04%"
"08/05/2022","1.2071","1.2160","1.2170","1.2003","130.49K","-0.71%"
"08/04/2022","1.2157","1.2144","1.2200","1.2065","134.41K","0.12%"
"08/03/2022","1.2143","1.2178","1.2209","1.2099","132.35K","-0.24%"
"08/02/2022","1.2172","1.2246","1.2280","1.2157","151.42K","-0.62%"
"08/01/2022","1.2248","1.2165","1.2294","1.2155","131.53K","0.67%"
"07/29/2022","1.2166","1.2173","1.2247","1.2062","130.22K","-0.02%"
"07/28/2022","1.2169","1.2148","1.2193","1.2102","147.99K","0.15%"
"07/27/2022","1.2151","1.2030","1.2188","1.2019","116.19K","1.05%"
"07/26/2022","1.2025","1.2043","1.2092","1.1963","123.95K","-0.14%"
"07/25/2022","1.2042","1.2004","1.2087","1.1959","127.09K","0.33%"
"07/22/2022","1.2002","1.1995","1.2065","1.1916","115.37K","0.08%"
"07/21/2022","1.1993","1.1967","1.2005","1.1889","139.13K","0.20%"
"07/20/2022","1.1969","1.1990","1.2039","1.1953","134.63K","-0.22%"
"07/19/2022","1.1995","1.1954","1.2047","1.1924","121.65K","0.34%"
"07/18/2022","1.1954","1.1877","1.2035","1.1861","116.17K","0.86%"
"07/15/2022","1.1852","1.1823","1.1876","1.1804","130.06K","0.25%"
"07/14/2022","1.1822","1.1891","1.1897","1.1759","143.91K","-0.56%"
"07/13/2022","1.1889","1.1887","1.1968","1.1826","137.09K","0.03%"
"07/12/2022","1.1885","1.1886","1.1918","1.1806","133.90K","-0.03%"
"07/11/2022","1.1889","1.2029","1.2041","1.1865","123.85K","-1.15%"
"07/08/2022","1.2027","1.2025","1.2057","1.1918","149.01K","0.05%"
"07/07/2022","1.2021","1.1924","1.2031","1.1908","149.14K","0.76%"
"07/06/2022","1.1930","1.1959","1.1991","1.1875","158.82K","-0.23%"
"07/05/2022","1.1957","1.2108","1.2127","1.1898","147.84K","-1.22%"
"07/04/2022","1.2105","1.2105","1.2167","1.2083","113.56K","0.09%"
"07/01/2022","1.2094","1.2177","1.2183","1.1975","114.76K","-0.67%"
"06/30/2022","1.2175","1.2127","1.2190","1.2091","128.65K","0.41%"
"06/29/2022","1.2125","1.2183","1.2214","1.2105","140.73K","-0.47%"
"06/28/2022","1.2182","1.2265","1.2292","1.2179","150.50K","-0.67%"
"06/27/2022","1.2264","1.2264","1.2334","1.2237","125.82K","0.02%"
"06/24/2022","1.2262","1.2260","1.2321","1.2240","114.14K","0.02%"
"06/23/2022","1.2260","1.2269","1.2296","1.2169","157.82K","-0.05%"
"06/22/2022","1.2266","1.2276","1.2316","1.2161","118.98K","-0.05%"
"06/21/2022","1.2272","1.2257","1.2326","1.2241","110.09K","0.18%"
"06/20/2022","1.2250","1.2225","1.2282","1.2198","108.97K","0.21%"
"06/17/2022","1.2224","1.2354","1.2371","1.2172","162.22K","-1.03%"
"06/16/2022","1.2351","1.2185","1.2408","1.2040","176.77K","1.42%"
"06/15/2022","1.2178","1.1995","1.2206","1.1985","141.57K","1.54%"
"06/14/2022","1.1993","1.2130","1.2208","1.1933","138.34K","-1.16%"
"06/13/2022","1.2134","1.2327","1.2328","1.2106","115.70K","-1.46%"
"06/10/2022","1.2314","1.2495","1.2519","1.2300","111.64K","-1.41%"
"06/09/2022","1.2490","1.2541","1.2559","1.2486","103.46K","-0.39%"
"06/08/2022","1.2539","1.2593","1.2599","1.2512","103.49K","-0.39%"
"06/07/2022","1.2588","1.2532","1.2601","1.2429","109.12K","0.46%"
"06/06/2022","1.2530","1.2495","1.2579","1.2476","99.49K","0.36%"
"06/03/2022","1.2485","1.2579","1.2591","1.2484","70.95K","-0.72%"
"06/02/2022","1.2576","1.2485","1.2588","1.2468","82.72K","0.75%"
"06/01/2022","1.2482","1.2604","1.2618","1.2458","99.79K","-0.94%"
"05/31/2022","1.2600","1.2654","1.2657","1.2559","113.26K","-0.40%"
"05/30/2022","1.2650","1.2617","1.2661","1.2613","84.78K","0.27%"
"05/27/2022","1.2616","1.2599","1.2667","1.2585","107.19K","0.17%"
"05/26/2022","1.2594","1.2566","1.2622","1.2550","119.11K","0.24%"
"05/25/2022","1.2564","1.2531","1.2592","1.2480","136.05K","0.28%"
"05/24/2022","1.2529","1.2589","1.2600","1.2471","123.59K","-0.47%"
"05/23/2022","1.2588","1.2479","1.2602","1.2476","107.58K","0.81%"
"05/20/2022","1.2487","1.2464","1.2501","1.2437","119.18K","0.22%"
"05/19/2022","1.2460","1.2338","1.2526","1.2336","136.46K","0.99%"
"05/18/2022","1.2338","1.2493","1.2502","1.2329","122.68K","-1.22%"
"05/17/2022","1.2490","1.2317","1.2500","1.2316","126.58K","1.40%"
"05/16/2022","1.2317","1.2236","1.2331","1.2217","119.22K","0.46%"
"05/13/2022","1.2261","1.2200","1.2267","1.2155","121.39K","0.51%"
"05/12/2022","1.2199","1.2261","1.2262","1.2165","155.65K","-0.42%"
"05/11/2022","1.2250","1.2325","1.2401","1.2236","131.09K","-0.58%"
"05/10/2022","1.2322","1.2332","1.2377","1.2291","136.81K","-0.07%"
"05/09/2022","1.2331","1.2339","1.2407","1.2260","105.27K","-0.05%"
"05/06/2022","1.2337","1.2364","1.2382","1.2275","136.80K","-0.22%"
"05/05/2022","1.2364","1.2623","1.2637","1.2324","133.72K","-2.04%"
"05/04/2022","1.2621","1.2501","1.2640","1.2451","107.59K","0.98%"
"05/03/2022","1.2498","1.2493","1.2569","1.2470","102.01K","0.06%"
"05/02/2022","1.2491","1.2587","1.2599","1.2472","73.31K","-0.64%"
"04/29/2022","1.2571","1.2457","1.2616","1.2449","122.65K","0.92%"
"04/28/2022","1.2456","1.2555","1.2572","1.2410","107.58K","-0.73%"
"04/27/2022","1.2548","1.2575","1.2603","1.2501","103.42K","-0.19%"
"04/26/2022","1.2572","1.2742","1.2774","1.2570","121.12K","-1.32%"
"04/25/2022","1.2740","1.2861","1.2862","1.2696","131.23K","-0.76%"
"04/22/2022","1.2837","1.3032","1.3037","1.2822","113.15K","-1.47%"
"04/21/2022","1.3028","1.3068","1.3091","1.3022","142.37K","-0.29%"
"04/20/2022","1.3066","1.2998","1.3072","1.2992","120.69K","0.54%"
"04/19/2022","1.2996","1.3017","1.3042","1.2979","102.18K","-0.09%"
"04/18/2022","1.3008","1.3060","1.3066","1.3004","74.66K","-0.38%"
"04/15/2022","1.3058","1.3067","1.3081","1.3047","129.16K","-0.05%"
"04/14/2022","1.3065","1.3116","1.3149","1.3032","114.53K","-0.38%"
"04/13/2022","1.3115","1.2998","1.3119","1.2972","113.52K","0.91%"
"04/12/2022","1.2997","1.3032","1.3054","1.2994","94.85K","-0.25%"
"04/11/2022","1.3029","1.3043","1.3058","1.2989","80.13K","-0.02%"
"04/08/2022","1.3031","1.3077","1.3087","1.2981","87.63K","-0.32%"
"04/07/2022","1.3073","1.3069","1.3108","1.3051","86.55K","0.04%"
"04/06/2022","1.3068","1.3083","1.3110","1.3044","98.26K","0.00%"
"04/05/2022","1.3068","1.3115","1.3168","1.3066","83.85K","-0.34%"
"04/04/2022","1.3113","1.3114","1.3139","1.3092","96.63K","0.01%"
"04/01/2022","1.3112","1.3136","1.3154","1.3085","143.63K","-0.16%"
"03/31/2022","1.3133","1.3132","1.3177","1.3105","100.51K","0.02%"
"03/30/2022","1.3131","1.3092","1.3184","1.3083","105.37K","0.36%"
"03/29/2022","1.3084","1.3086","1.3161","1.3050","119.86K","0.00%"
"03/28/2022","1.3084","1.3190","1.3191","1.3067","94.21K","-0.79%"
"03/25/2022","1.3188","1.3195","1.3226","1.3159","94.45K","0.04%"
"03/24/2022","1.3183","1.3205","1.3216","1.3156","91.10K","-0.15%"
"03/23/2022","1.3203","1.3264","1.3300","1.3174","93.65K","-0.45%"
"03/22/2022","1.3263","1.3170","1.3275","1.3119","106.87K","0.74%"
"03/21/2022","1.3165","1.3182","1.3211","1.3125","81.58K","-0.11%"
"03/18/2022","1.3180","1.3149","1.3198","1.3110","89.04K","0.26%"
"03/17/2022","1.3146","1.3150","1.3213","1.3087","115.76K","0.01%"
"03/16/2022","1.3145","1.3042","1.3164","1.3031","123.62K","0.82%"
"03/15/2022","1.3038","1.3002","1.3090","1.2999","123.63K","0.29%"
"03/14/2022","1.3000","1.3038","1.3081","1.3000","98.68K","-0.28%"
"03/11/2022","1.3036","1.3087","1.3127","1.3026","129.48K","-0.36%"
"03/10/2022","1.3083","1.3176","1.3196","1.3080","126.60K","-0.73%"
"03/09/2022","1.3179","1.3103","1.3191","1.3087","131.40K","0.58%"
"03/08/2022","1.3103","1.3104","1.3146","1.3081","135.84K","0.01%"
"03/07/2022","1.3102","1.3227","1.3252","1.3101","138.03K","-0.93%"
"03/04/2022","1.3225","1.3346","1.3356","1.3201","126.49K","-0.91%"
"03/03/2022","1.3346","1.3406","1.3420","1.3316","116.59K","-0.43%"
"03/02/2022","1.3403","1.3325","1.3409","1.3270","107.57K","0.62%"
"03/01/2022","1.3321","1.3421","1.3439","1.3300","122.86K","-0.73%"
"02/28/2022","1.3419","1.3407","1.3434","1.3312","119.07K","0.10%"
"02/25/2022","1.3405","1.3378","1.3441","1.3365","107.71K","0.22%"
"02/24/2022","1.3375","1.3544","1.3551","1.3271","145.03K","-1.23%"
"02/23/2022","1.3542","1.3584","1.3622","1.3534","97.69K","-0.29%"
"02/22/2022","1.3582","1.3604","1.3606","1.3537","108.83K","-0.12%"
"02/21/2022","1.3598","1.3595","1.3640","1.3585","77.45K","0.06%"
"02/18/2022","1.3590","1.3614","1.3644","1.3572","101.11K","-0.18%"
"02/17/2022","1.3614","1.3586","1.3640","1.3555","113.06K","0.23%"
"02/16/2022","1.3583","1.3536","1.3602","1.3527","103.84K","0.37%"
"02/15/2022","1.3533","1.3525","1.3569","1.3485","97.50K","0.05%"
"02/14/2022","1.3526","1.3558","1.3574","1.3493","101.67K","-0.25%"
"02/11/2022","1.3560","1.3554","1.3611","1.3513","116.81K","0.04%"
"02/10/2022","1.3555","1.3534","1.3645","1.3522","106.85K","0.17%"
"02/09/2022","1.3532","1.3542","1.3591","1.3526","86.54K","-0.07%"
"02/08/2022","1.3541","1.3537","1.3565","1.3506","111.51K","0.05%"
"02/07/2022","1.3534","1.3530","1.3553","1.3489","103.21K","0.04%"
"02/04/2022","1.3529","1.3598","1.3616","1.3504","111.26K","-0.49%"
"02/03/2022","1.3595","1.3577","1.3629","1.3537","100.83K","0.13%"
"02/02/2022","1.3577","1.3516","1.3589","1.3515","75.24K","0.42%"
"02/01/2022","1.3520","1.3447","1.3530","1.3433","80.32K","0.56%"
"01/31/2022","1.3445","1.3399","1.3462","1.3386","82.36K","0.31%"
"01/28/2022","1.3404","1.3381","1.3434","1.3363","97.41K","0.14%"
"01/27/2022","1.3385","1.3465","1.3470","1.3357","99.43K","-0.56%"
"01/26/2022","1.3461","1.3493","1.3526","1.3443","95.33K","-0.26%"
"01/25/2022","1.3496","1.3487","1.3520","1.3435","118.59K","0.08%"
"01/24/2022","1.3485","1.3556","1.3566","1.3439","116.43K","-0.51%"
"01/21/2022","1.3554","1.3600","1.3604","1.3544","91.67K","-0.30%"
"01/20/2022","1.3595","1.3612","1.3663","1.3585","96.41K","-0.08%"
"01/19/2022","1.3606","1.3595","1.3650","1.3586","117.66K","0.09%"
"01/18/2022","1.3594","1.3647","1.3663","1.3572","131.09K","-0.37%"
"01/17/2022","1.3645","1.3675","1.3692","1.3636","91.29K","-0.20%"
"01/14/2022","1.3673","1.3707","1.3744","1.3652","92.72K","-0.23%"
"01/13/2022","1.3705","1.3700","1.3750","1.3699","87.75K","0.03%"
"01/12/2022","1.3701","1.3635","1.3715","1.3621","73.33K","0.48%"
"01/11/2022","1.3635","1.3576","1.3637","1.3561","71.29K","0.44%"
"01/10/2022","1.3575","1.3589","1.3605","1.3532","70.46K","-0.07%"
"01/07/2022","1.3585","1.3532","1.3598","1.3527","62.01K","0.42%"
"01/06/2022","1.3528","1.3556","1.3561","1.3489","92.83K","-0.19%"
"01/05/2022","1.3554","1.3534","1.3600","1.3521","59.01K","0.16%"
"01/04/2022","1.3532","1.3474","1.3558","1.3458","61.26K","0.45%"
"01/03/2022","1.3471","1.3531","1.3543","1.3431","46.00K","-0.43%"
"12/31/2021","1.3529","1.3496","1.3551","1.3465","63.90K","0.26%"
"12/30/2021","1.3494","1.3488","1.3522","1.3454","53.00K","0.06%"
"12/29/2021","1.3486","1.3436","1.3500","1.3408","57.86K","0.39%"
"12/28/2021","1.3434","1.3442","1.3463","1.3414","56.75K","-0.02%"
"12/27/2021","1.3437","1.3387","1.3446","1.3387","40.43K","0.39%"
"12/24/2021","1.3385","1.3410","1.3422","1.3384","91.26K","-0.14%"
"12/23/2021","1.3404","1.3354","1.3439","1.3341","73.59K","0.42%"
"12/22/2021","1.3348","1.3262","1.3364","1.3240","70.28K","0.63%"
"12/21/2021","1.3265","1.3207","1.3272","1.3197","91.48K","0.44%"
"12/20/2021","1.3207","1.3247","1.3247","1.3172","91.45K","-0.26%"
"12/17/2021","1.3242","1.3322","1.3341","1.3230","97.01K","-0.58%"
"12/16/2021","1.3319","1.3259","1.3376","1.3240","92.50K","0.42%"
"12/15/2021","1.3263","1.3240","1.3284","1.3171","102.77K","0.19%"
"12/14/2021","1.3238","1.3218","1.3257","1.3190","98.83K","0.17%"
"12/13/2021","1.3216","1.3237","1.3270","1.3206","97.35K","-0.40%"
"12/10/2021","1.3269","1.3220","1.3277","1.3187","100.66K","0.38%"
"12/09/2021","1.3219","1.3205","1.3224","1.3170","116.31K","0.08%"
"12/08/2021","1.3209","1.3243","1.3262","1.3167","142.58K","-0.25%"
"12/07/2021","1.3242","1.3265","1.3291","1.3209","135.32K","-0.17%"
"12/06/2021","1.3264","1.3245","1.3288","1.3218","128.38K","0.25%"
"12/03/2021","1.3231","1.3309","1.3312","1.3209","94.96K","-0.56%"
"12/02/2021","1.3306","1.3280","1.3335","1.3271","103.15K","0.22%"
"12/01/2021","1.3277","1.3299","1.3353","1.3261","128.91K","-0.14%"
"11/30/2021","1.3295","1.3314","1.3372","1.3195","150.98K","-0.12%"
"11/29/2021","1.3311","1.3342","1.3364","1.3286","97.95K","-0.22%"
"11/26/2021","1.3340","1.3320","1.3369","1.3278","139.72K","0.15%"
"11/25/2021","1.3320","1.3328","1.3355","1.3305","111.60K","-0.04%"
"11/24/2021","1.3325","1.3378","1.3391","1.3316","104.41K","-0.37%"
"11/23/2021","1.3374","1.3395","1.3411","1.3341","129.43K","-0.16%"
"11/22/2021","1.3396","1.3455","1.3460","1.3384","150.09K","-0.42%"
"11/19/2021","1.3452","1.3492","1.3511","1.3407","88.66K","-0.27%"
"11/18/2021","1.3488","1.3484","1.3515","1.3463","116.36K","0.06%"
"11/17/2021","1.3480","1.3431","1.3498","1.3396","121.08K","0.39%"
"11/16/2021","1.3427","1.3423","1.3474","1.3405","109.76K","0.07%"
"11/15/2021","1.3418","1.3423","1.3450","1.3403","97.67K","0.04%"
"11/12/2021","1.3413","1.3373","1.3427","1.3353","81.83K","0.31%"
"11/11/2021","1.3371","1.3405","1.3434","1.3358","89.87K","-0.22%"
"11/10/2021","1.3401","1.3558","1.3566","1.3400","99.28K","-1.13%"
"11/09/2021","1.3554","1.3563","1.3609","1.3523","89.54K","-0.05%"
"11/08/2021","1.3561","1.3498","1.3581","1.3449","87.13K","0.50%"
"11/05/2021","1.3494","1.3494","1.3510","1.3424","85.56K","-0.03%"
"11/04/2021","1.3498","1.3686","1.3699","1.3470","125.75K","-1.36%"
"11/03/2021","1.3684","1.3612","1.3693","1.3606","113.14K","0.51%"
"11/02/2021","1.3614","1.3665","1.3680","1.3605","109.82K","-0.42%"
"11/01/2021","1.3672","1.3683","1.3694","1.3642","87.06K","-0.14%"
"10/29/2021","1.3691","1.3791","1.3805","1.3668","108.78K","-0.70%"
"10/28/2021","1.3788","1.3749","1.3816","1.3721","119.18K","0.31%"
"10/27/2021","1.3746","1.3769","1.3782","1.3708","92.41K","-0.15%"
"10/26/2021","1.3766","1.3769","1.3830","1.3757","89.38K","-0.01%"
"10/25/2021","1.3768","1.3755","1.3793","1.3741","94.28K","0.12%"
"10/22/2021","1.3751","1.3792","1.3816","1.3736","94.53K","-0.29%"
"10/21/2021","1.3791","1.3824","1.3835","1.3776","75.43K","-0.24%"
"10/20/2021","1.3824","1.3797","1.3836","1.3742","73.40K","0.21%"
"10/19/2021","1.3795","1.3728","1.3835","1.3722","70.20K","0.51%"
"10/18/2021","1.3725","1.3751","1.3766","1.3708","71.25K","-0.17%"
"10/15/2021","1.3749","1.3673","1.3774","1.3667","77.26K","0.56%"
"10/14/2021","1.3673","1.3657","1.3736","1.3654","64.98K","0.10%"
"10/13/2021","1.3659","1.3588","1.3665","1.3576","102.38K","0.54%"
"10/12/2021","1.3585","1.3599","1.3638","1.3569","77.18K","-0.07%"
"10/11/2021","1.3595","1.3613","1.3675","1.3584","72.59K","-0.12%"
"10/08/2021","1.3611","1.3618","1.3657","1.3583","71.34K","-0.04%"
"10/07/2021","1.3617","1.3578","1.3640","1.3570","82.76K","0.27%"
"10/06/2021","1.3580","1.3632","1.3637","1.3543","97.32K","-0.36%"
"10/05/2021","1.3629","1.3615","1.3649","1.3584","106.71K","0.12%"
"10/04/2021","1.3613","1.3548","1.3641","1.3532","76.19K","0.50%"
"10/01/2021","1.3545","1.3472","1.3577","1.3434","84.26K","0.54%"
"09/30/2021","1.3472","1.3424","1.3519","1.3415","102.46K","0.37%"
"09/29/2021","1.3422","1.3535","1.3556","1.3412","92.53K","-0.83%"
"09/28/2021","1.3534","1.3699","1.3719","1.3520","102.67K","-1.18%"
"09/27/2021","1.3695","1.3680","1.3729","1.3657","72.45K","0.10%"
"09/24/2021","1.3682","1.3721","1.3737","1.3657","67.18K","-0.25%"
"09/23/2021","1.3716","1.3628","1.3751","1.3612","84.94K","0.67%"
"09/22/2021","1.3625","1.3658","1.3691","1.3609","92.18K","-0.25%"
"09/21/2021","1.3659","1.3657","1.3693","1.3641","80.11K","0.01%"
"09/20/2021","1.3657","1.3746","1.3755","1.3640","72.89K","-0.62%"
"09/17/2021","1.3742","1.3792","1.3814","1.3727","63.33K","-0.33%"
"09/16/2021","1.3788","1.3837","1.3853","1.3764","80.76K","-0.35%"
"09/15/2021","1.3837","1.3811","1.3855","1.3792","72.34K","0.22%"
"09/14/2021","1.3806","1.3835","1.3914","1.3802","80.89K","-0.22%"
"09/13/2021","1.3836","1.3843","1.3852","1.3796","66.88K","-0.02%"
"09/10/2021","1.3839","1.3838","1.3889","1.3826","87.07K","0.03%"
"09/09/2021","1.3835","1.3770","1.3864","1.3753","77.78K","0.49%"
"09/08/2021","1.3768","1.3788","1.3792","1.3726","90.54K","-0.10%"
"09/07/2021","1.3782","1.3836","1.3858","1.3767","90.30K","-0.38%"
"09/06/2021","1.3834","1.3863","1.3871","1.3819","55.60K","-0.22%"
"09/03/2021","1.3865","1.3833","1.3893","1.3817","75.91K","0.26%"
"09/02/2021","1.3829","1.3776","1.3841","1.3767","69.72K","0.44%"
"09/01/2021","1.3768","1.3753","1.3800","1.3730","78.11K","0.10%"
"08/31/2021","1.3754","1.3761","1.3807","1.3742","70.64K","-0.03%"
"08/30/2021","1.3758","1.3758","1.3776","1.3734","44.80K","0.01%"
"08/27/2021","1.3757","1.3698","1.3781","1.3679","83.31K","0.42%"
"08/26/2021","1.3699","1.3761","1.3770","1.3688","68.49K","-0.44%"
"08/25/2021","1.3759","1.3729","1.3767","1.3697","55.36K","0.23%"
"08/24/2021","1.3727","1.3717","1.3749","1.3693","45.55K","0.07%"
"08/23/2021","1.3717","1.3633","1.3734","1.3613","57.37K","0.70%"
"08/20/2021","1.3621","1.3642","1.3649","1.3601","79.73K","-0.12%"
"08/19/2021","1.3638","1.3757","1.3760","1.3632","83.10K","-0.85%"
"08/18/2021","1.3755","1.3741","1.3786","1.3727","66.35K","0.12%"
"08/17/2021","1.3739","1.3850","1.3855","1.3726","62.92K","-0.80%"
"08/16/2021","1.3850","1.3839","1.3879","1.3828","67.81K","-0.09%"
"08/13/2021","1.3863","1.3809","1.3876","1.3791","57.91K","0.43%"
"08/12/2021","1.3804","1.3873","1.3879","1.3794","67.28K","-0.49%"
"08/11/2021","1.3872","1.3845","1.3888","1.3802","63.28K","0.21%"
"08/10/2021","1.3843","1.3846","1.3873","1.3827","105.05K","-0.01%"
"08/09/2021","1.3844","1.3880","1.3895","1.3841","60.13K","-0.19%"
"08/06/2021","1.3871","1.3930","1.3937","1.3860","61.23K","-0.41%"
"08/05/2021","1.3928","1.3889","1.3950","1.3872","72.29K","0.31%"
"08/04/2021","1.3885","1.3916","1.3958","1.3885","68.92K","-0.21%"
"08/03/2021","1.3914","1.3883","1.3939","1.3879","68.43K","0.24%"
"08/02/2021","1.3881","1.3901","1.3934","1.3875","61.06K","-0.14%"
"07/30/2021","1.3901","1.3961","1.3985","1.3887","75.02K","-0.43%"
"07/29/2021","1.3961","1.3900","1.3983","1.3895","82.29K","0.45%"
"07/28/2021","1.3898","1.3881","1.3911","1.3844","85.55K","0.17%"
"07/27/2021","1.3874","1.3818","1.3895","1.3766","74.75K","0.42%"
"07/26/2021","1.3816","1.3754","1.3835","1.3736","61.79K","0.52%"
"07/23/2021","1.3745","1.3767","1.3781","1.3720","73.00K","-0.13%"
"07/22/2021","1.3763","1.3714","1.3787","1.3690","85.60K","0.39%"
"07/21/2021","1.3710","1.3629","1.3724","1.3591","80.09K","0.62%"
"07/20/2021","1.3626","1.3678","1.3690","1.3571","105.79K","-0.34%"
"07/19/2021","1.3672","1.3787","1.3787","1.3655","107.28K","-0.73%"
"07/16/2021","1.3772","1.3830","1.3863","1.3759","91.76K","-0.40%"
"07/15/2021","1.3828","1.3858","1.3900","1.3805","89.85K","-0.20%"
"07/14/2021","1.3856","1.3814","1.3893","1.3801","77.33K","0.35%"
"07/13/2021","1.3808","1.3885","1.3907","1.3800","72.88K","-0.52%"
"07/12/2021","1.3880","1.3902","1.3911","1.3838","103.70K","-0.14%"
"07/09/2021","1.3899","1.3788","1.3909","1.3756","95.00K","0.83%"
"07/08/2021","1.3785","1.3801","1.3807","1.3741","95.92K","-0.11%"
"07/07/2021","1.3800","1.3801","1.3843","1.3754","88.33K","0.01%"
"07/06/2021","1.3799","1.3844","1.3900","1.3772","118.64K","-0.33%"
"07/05/2021","1.3845","1.3822","1.3863","1.3817","63.13K","0.17%"
"07/02/2021","1.3821","1.3769","1.3845","1.3732","68.93K","0.39%"
"07/01/2021","1.3767","1.3829","1.3836","1.3752","73.04K","-0.43%"
"06/30/2021","1.3827","1.3839","1.3873","1.3798","79.70K","-0.06%"
"06/29/2021","1.3835","1.3885","1.3888","1.3814","76.32K","-0.35%"
"06/28/2021","1.3883","1.3884","1.3941","1.3870","62.73K","0.04%"
"06/25/2021","1.3877","1.3923","1.3937","1.3871","76.60K","-0.32%"
"06/24/2021","1.3922","1.3963","1.3987","1.3889","87.52K","-0.27%"
"06/23/2021","1.3959","1.3948","1.4002","1.3923","73.85K","0.09%"
"06/22/2021","1.3947","1.3931","1.3965","1.3860","82.44K","0.13%"
"06/21/2021","1.3929","1.3811","1.3937","1.3786","96.83K","0.87%"
"06/18/2021","1.3809","1.3921","1.3945","1.3792","120.81K","-0.79%"
"06/17/2021","1.3919","1.3988","1.4009","1.3895","94.65K","-0.49%"
"06/16/2021","1.3987","1.4081","1.4133","1.3981","76.37K","-0.66%"
"06/15/2021","1.4080","1.4114","1.4130","1.4033","76.88K","-0.23%"
"06/14/2021","1.4112","1.4119","1.4124","1.4069","79.88K","0.04%"
"06/11/2021","1.4106","1.4177","1.4187","1.4095","67.91K","-0.47%"
"06/10/2021","1.4173","1.4121","1.4180","1.4073","75.89K","0.39%"
"06/09/2021","1.4118","1.4159","1.4191","1.4109","72.80K","-0.26%"
"06/08/2021","1.4155","1.4183","1.4187","1.4121","84.79K","-0.16%"
"06/07/2021","1.4178","1.4171","1.4191","1.4111","77.00K","0.17%"
"06/04/2021","1.4154","1.4105","1.4202","1.4082","77.78K","0.36%"
"06/03/2021","1.4103","1.4171","1.4203","1.4087","80.12K","-0.46%"
"06/02/2021","1.4168","1.4153","1.4184","1.4111","106.17K","0.16%"
"06/01/2021","1.4146","1.4213","1.4250","1.4146","94.85K","-0.44%"
"05/31/2021","1.4209","1.4180","1.4218","1.4164","90.77K","0.16%"
"05/28/2021","1.4187","1.4207","1.4212","1.4136","96.02K","-0.13%"
"05/27/2021","1.4205","1.4122","1.4220","1.4091","134.05K","0.62%"
"05/26/2021","1.4118","1.4153","1.4177","1.4111","121.07K","-0.23%"
"05/25/2021","1.4151","1.4157","1.4211","1.4116","117.47K","-0.03%"
"05/24/2021","1.4155","1.4159","1.4173","1.4110","96.11K","0.06%"
"05/21/2021","1.4147","1.4190","1.4234","1.4139","109.27K","-0.30%"
"05/20/2021","1.4189","1.4110","1.4194","1.4101","104.67K","0.54%"
"05/19/2021","1.4113","1.4190","1.4202","1.4100","119.30K","-0.52%"
"05/18/2021","1.4187","1.4131","1.4220","1.4129","117.28K","0.37%"
"05/17/2021","1.4134","1.4090","1.4147","1.4076","79.54K","0.27%"
"05/14/2021","1.4096","1.4052","1.4112","1.4036","83.05K","0.33%"
"05/13/2021","1.4050","1.4054","1.4079","1.4004","98.87K","-0.01%"
"05/12/2021","1.4052","1.4141","1.4155","1.4050","92.48K","-0.63%"
"05/11/2021","1.4141","1.4117","1.4167","1.4103","115.05K","0.15%"
"05/10/2021","1.4120","1.3980","1.4159","1.3978","111.02K","1.06%"
"05/07/2021","1.3972","1.3887","1.4007","1.3886","87.18K","0.63%"
"05/06/2021","1.3885","1.3903","1.3942","1.3856","99.70K","-0.13%"
"05/05/2021","1.3903","1.3887","1.3927","1.3874","106.07K","0.13%"
"05/04/2021","1.3885","1.3911","1.3916","1.3837","97.95K","-0.17%"
"05/03/2021","1.3909","1.3827","1.3932","1.3800","70.32K","0.69%"
"04/30/2021","1.3814","1.3942","1.3959","1.3801","99.94K","-0.90%"
"04/29/2021","1.3940","1.3938","1.3978","1.3931","81.01K","0.06%"
"04/28/2021","1.3932","1.3916","1.3951","1.3860","87.78K","0.14%"
"04/27/2021","1.3912","1.3898","1.3924","1.3858","104.32K","0.12%"
"04/26/2021","1.3896","1.3873","1.3930","1.3864","102.41K","0.16%"
"04/23/2021","1.3874","1.3838","1.3896","1.3834","84.97K","0.27%"
"04/22/2021","1.3836","1.3931","1.3951","1.3823","99.28K","-0.67%"
"04/21/2021","1.3929","1.3937","1.3951","1.3886","94.25K","-0.05%"
"04/20/2021","1.3936","1.3987","1.4010","1.3925","94.45K","-0.34%"
"04/19/2021","1.3983","1.3827","1.3994","1.3809","85.12K","1.11%"
"04/16/2021","1.3830","1.3784","1.3844","1.3716","102.94K","0.32%"
"04/15/2021","1.3786","1.3780","1.3809","1.3762","107.07K","0.06%"
"04/14/2021","1.3778","1.3749","1.3809","1.3748","96.45K","0.22%"
"04/13/2021","1.3748","1.3740","1.3770","1.3694","94.40K","0.06%"
"04/12/2021","1.3740","1.3710","1.3778","1.3669","94.71K","0.23%"
"04/09/2021","1.3708","1.3734","1.3751","1.3670","88.88K","-0.18%"
"04/08/2021","1.3733","1.3736","1.3783","1.3719","99.94K","-0.01%"
"04/07/2021","1.3734","1.3825","1.3841","1.3723","121.47K","-0.64%"
"04/06/2021","1.3823","1.3902","1.3920","1.3801","96.11K","-0.53%"
"04/05/2021","1.3897","1.3827","1.3915","1.3813","71.84K","0.49%"
"04/02/2021","1.3829","1.3833","1.3854","1.3813","76.45K","-0.01%"
"04/01/2021","1.3830","1.3781","1.3837","1.3745","128.66K","0.37%"
"03/31/2021","1.3779","1.3740","1.3813","1.3715","126.68K","0.29%"
"03/30/2021","1.3739","1.3763","1.3785","1.3706","102.53K","-0.15%"
"03/29/2021","1.3759","1.3793","1.3848","1.3756","116.60K","-0.20%"
"03/26/2021","1.3787","1.3731","1.3814","1.3728","98.14K","0.40%"
"03/25/2021","1.3732","1.3687","1.3747","1.3670","110.06K","0.36%"
"03/24/2021","1.3683","1.3752","1.3762","1.3673","120.60K","-0.49%"
"03/23/2021","1.3750","1.3863","1.3868","1.3740","116.00K","-0.82%"
"03/22/2021","1.3863","1.3866","1.3878","1.3817","90.38K","-0.04%"
"03/19/2021","1.3868","1.3924","1.3959","1.3830","123.96K","-0.37%"
"03/18/2021","1.3920","1.3968","1.4002","1.3896","130.08K","-0.31%"
"03/17/2021","1.3963","1.3890","1.3972","1.3851","117.16K","0.55%"
"03/16/2021","1.3887","1.3899","1.3908","1.3808","103.42K","-0.04%"
"03/15/2021","1.3893","1.3920","1.3951","1.3851","120.67K","-0.21%"
"03/12/2021","1.3922","1.3989","1.4006","1.3863","138.38K","-0.49%"
"03/11/2021","1.3990","1.3934","1.3995","1.3917","127.05K","0.43%"
"03/10/2021","1.3930","1.3893","1.3939","1.3845","139.43K","0.27%"
"03/09/2021","1.3893","1.3827","1.3927","1.3801","158.39K","0.50%"
"03/08/2021","1.3824","1.3837","1.3866","1.3800","157.66K","-0.12%"
"03/05/2021","1.3841","1.3896","1.3908","1.3779","150.38K","-0.38%"
"03/04/2021","1.3894","1.3954","1.4017","1.3879","167.34K","-0.42%"
"03/03/2021","1.3953","1.3953","1.4008","1.3920","153.09K","0.00%"
"03/02/2021","1.3953","1.3923","1.3978","1.3858","151.91K","0.22%"
"03/01/2021","1.3922","1.3939","1.4000","1.3903","162.23K","-0.07%"
"02/26/2021","1.3932","1.4015","1.4028","1.3887","177.74K","-0.58%"
"02/25/2021","1.4013","1.4136","1.4182","1.4000","189.69K","-0.89%"
"02/24/2021","1.4139","1.4110","1.4237","1.4081","137.04K","0.21%"
"02/23/2021","1.4110","1.4063","1.4117","1.4054","146.31K","0.35%"
"02/22/2021","1.4061","1.4015","1.4087","1.3980","121.01K","0.34%"
"02/19/2021","1.4014","1.3975","1.4037","1.3951","139.06K","0.31%"
"02/18/2021","1.3971","1.3853","1.3987","1.3839","152.92K","0.85%"
"02/17/2021","1.3853","1.3902","1.3912","1.3829","183.53K","-0.35%"
"02/16/2021","1.3901","1.3903","1.3952","1.3868","169.93K","-0.01%"
"02/15/2021","1.3903","1.3846","1.3920","1.3846","123.97K","0.43%"
"02/12/2021","1.3844","1.3816","1.3864","1.3774","137.72K","0.21%"
"02/11/2021","1.3815","1.3832","1.3860","1.3800","161.07K","-0.09%"
"02/10/2021","1.3828","1.3816","1.3867","1.3802","190.91K","0.10%"
"02/09/2021","1.3814","1.3741","1.3821","1.3736","157.83K","0.55%"
"02/08/2021","1.3738","1.3729","1.3750","1.3680","138.30K","0.04%"
"02/05/2021","1.3733","1.3672","1.3742","1.3660","151.91K","0.46%"
"02/04/2021","1.3670","1.3646","1.3699","1.3566","143.31K","0.19%"
"02/03/2021","1.3644","1.3667","1.3685","1.3619","133.05K","-0.15%"
"02/02/2021","1.3665","1.3664","1.3712","1.3611","146.96K","0.03%"
"02/01/2021","1.3661","1.3713","1.3759","1.3656","150.35K","-0.30%"
"01/29/2021","1.3702","1.3721","1.3752","1.3657","186.22K","-0.12%"
"01/28/2021","1.3718","1.3688","1.3747","1.3629","184.08K","0.23%"
"01/27/2021","1.3686","1.3736","1.3761","1.3658","166.19K","-0.34%"
"01/26/2021","1.3733","1.3674","1.3745","1.3609","124.38K","0.43%"
"01/25/2021","1.3674","1.3680","1.3725","1.3649","139.69K","-0.07%"
"01/22/2021","1.3684","1.3733","1.3738","1.3635","172.62K","-0.35%"
"01/21/2021","1.3732","1.3655","1.3747","1.3650","176.07K","0.58%"
"01/20/2021","1.3653","1.3629","1.3720","1.3622","159.64K","0.18%"
"01/19/2021","1.3628","1.3587","1.3637","1.3572","152.49K","0.32%"
"01/18/2021","1.3584","1.3594","1.3599","1.3520","133.86K","-0.01%"
"01/15/2021","1.3586","1.3688","1.3700","1.3571","154.81K","-0.74%"
"01/14/2021","1.3687","1.3640","1.3711","1.3615","159.67K","0.37%"
"01/13/2021","1.3637","1.3667","1.3701","1.3612","156.78K","-0.19%"
"01/12/2021","1.3663","1.3521","1.3671","1.3504","156.36K","1.10%"
"01/11/2021","1.3514","1.3567","1.3568","1.3451","149.56K","-0.36%"
"01/08/2021","1.3563","1.3565","1.3636","1.3538","139.69K","0.00%"
"01/07/2021","1.3563","1.3608","1.3634","1.3532","157.31K","-0.32%"
"01/06/2021","1.3607","1.3626","1.3672","1.3539","150.61K","-0.12%"
"01/05/2021","1.3624","1.3572","1.3642","1.3554","155.21K","0.41%"
"01/04/2021","1.3569","1.3665","1.3705","1.3541","131.65K","-0.75%"
"01/01/2021","1.3671","1.3672","1.3683","1.3672","1.45K","-0.01%"
"12/31/2020","1.3673","1.3624","1.3687","1.3605","152.23K","0.37%"
"12/30/2020","1.3622","1.3503","1.3627","1.3493","147.18K","0.90%"
"12/29/2020","1.3500","1.3450","1.3524","1.3447","133.09K","0.38%"
"12/28/2020","1.3449","1.3546","1.3577","1.3429","105.94K","-0.73%"
"12/25/2020","1.3548","1.3557","1.3591","1.3550","1.47K","-0.05%"
"12/24/2020","1.3555","1.3496","1.3621","1.3489","158.47K","0.47%"
"12/23/2020","1.3492","1.3362","1.3572","1.3352","173.43K","0.99%"
"12/22/2020","1.3360","1.3465","1.3470","1.3304","170.81K","-0.77%"
"12/21/2020","1.3463","1.3475","1.3498","1.3189","169.70K","-0.42%"
"12/18/2020","1.3520","1.3586","1.3592","1.3471","158.84K","-0.46%"
"12/17/2020","1.3582","1.3510","1.3626","1.3494","155.89K","0.56%"
"12/16/2020","1.3507","1.3460","1.3554","1.3434","145.02K","0.34%"
"12/15/2020","1.3461","1.3323","1.3470","1.3280","121.99K","1.04%"
"12/14/2020","1.3322","1.3281","1.3447","1.3274","108.70K","0.75%"
"12/11/2020","1.3223","1.3296","1.3326","1.3134","138.47K","-0.53%"
"12/10/2020","1.3293","1.3403","1.3414","1.3246","138.53K","-0.77%"
"12/09/2020","1.3396","1.3355","1.3478","1.3350","119.72K","0.32%"
"12/08/2020","1.3353","1.3378","1.3393","1.3290","137.79K","-0.17%"
"12/07/2020","1.3376","1.3449","1.3449","1.3225","134.39K","-0.45%"
"12/04/2020","1.3437","1.3447","1.3541","1.3411","150.70K","-0.11%"
"12/03/2020","1.3452","1.3361","1.3500","1.3353","164.97K","0.67%"
"12/02/2020","1.3363","1.3423","1.3442","1.3287","143.83K","-0.39%"
"12/01/2020","1.3415","1.3325","1.3442","1.3314","136.38K","0.71%"
"11/30/2020","1.3321","1.3314","1.3386","1.3304","133.82K","0.05%"
"11/27/2020","1.3314","1.3356","1.3383","1.3288","147.76K","-0.31%"
"11/26/2020","1.3355","1.3376","1.3399","1.3321","130.46K","-0.20%"
"11/25/2020","1.3382","1.3362","1.3395","1.3304","149.75K","0.19%"
"11/24/2020","1.3356","1.3325","1.3382","1.3292","140.77K","0.25%"
"11/23/2020","1.3323","1.3274","1.3398","1.3263","144.15K","0.31%"
"11/20/2020","1.3282","1.3261","1.3297","1.3245","147.76K","0.16%"
"11/19/2020","1.3261","1.3275","1.3281","1.3196","162.81K","-0.06%"
"11/18/2020","1.3269","1.3244","1.3313","1.3242","149.98K","0.21%"
"11/17/2020","1.3241","1.3195","1.3274","1.3187","156.93K","0.38%"
"11/16/2020","1.3191","1.3179","1.3243","1.3162","139.32K","0.04%"
"11/13/2020","1.3186","1.3118","1.3203","1.3109","155.61K","0.55%"
"11/12/2020","1.3114","1.3222","1.3230","1.3105","174.58K","-0.81%"
"11/11/2020","1.3221","1.3270","1.3310","1.3189","165.96K","-0.38%"
"11/10/2020","1.3271","1.3166","1.3278","1.3155","173.72K","0.82%"
"11/09/2020","1.3163","1.3163","1.3209","1.3118","161.43K","0.05%"
"11/06/2020","1.3156","1.3144","1.3178","1.3092","183.36K","0.11%"
"11/05/2020","1.3142","1.2989","1.3155","1.2930","183.38K","1.21%"
"11/04/2020","1.2985","1.3060","1.3140","1.2914","175.28K","-0.56%"
"11/03/2020","1.3058","1.2916","1.3080","1.2903","142.53K","1.13%"
"11/02/2020","1.2912","1.2946","1.2954","1.2853","135.53K","-0.22%"
"10/30/2020","1.2941","1.2929","1.2989","1.2898","172.86K","0.12%"
"10/29/2020","1.2926","1.2983","1.3027","1.2881","165.88K","-0.42%"
"10/28/2020","1.2981","1.3046","1.3065","1.2917","161.99K","-0.48%"
"10/27/2020","1.3043","1.3019","1.3081","1.3001","132.86K","0.15%"
"10/26/2020","1.3023","1.3048","1.3075","1.2993","133.77K","-0.13%"
"10/23/2020","1.3040","1.3083","1.3125","1.3018","153.93K","-0.31%"
"10/22/2020","1.3081","1.3151","1.3155","1.3069","156.37K","-0.48%"
"10/21/2020","1.3144","1.2945","1.3178","1.2937","148.80K","1.55%"
"10/20/2020","1.2944","1.2952","1.2980","1.2910","143.02K","-0.02%"
"10/19/2020","1.2947","1.2915","1.3025","1.2889","126.16K","0.26%"
"10/16/2020","1.2913","1.2916","1.2963","1.2863","128.39K","-0.01%"
"10/15/2020","1.2914","1.3010","1.3031","1.2890","139.72K","-0.75%"
"10/14/2020","1.3011","1.2938","1.3066","1.2862","137.49K","0.60%"
"10/13/2020","1.2934","1.3064","1.3074","1.2922","150.24K","-1.00%"
"10/12/2020","1.3064","1.3028","1.3084","1.3004","123.92K","0.14%"
"10/09/2020","1.3046","1.2935","1.3051","1.2920","159.03K","0.87%"
"10/08/2020","1.2933","1.2919","1.2972","1.2890","165.31K","0.12%"
"10/07/2020","1.2918","1.2886","1.2931","1.2845","162.79K","0.32%"
"10/06/2020","1.2877","1.2978","1.3008","1.2866","148.04K","-0.77%"
"10/05/2020","1.2977","1.2933","1.2991","1.2899","120.40K","0.36%"
"10/02/2020","1.2931","1.2893","1.2955","1.2837","168.56K","0.33%"
"10/01/2020","1.2889","1.2919","1.2980","1.2818","179.78K","-0.21%"
"09/30/2020","1.2916","1.2864","1.2944","1.2806","158.18K","0.43%"
"09/29/2020","1.2861","1.2836","1.2903","1.2822","146.75K","0.27%"
"09/28/2020","1.2827","1.2747","1.2927","1.2744","140.13K","0.64%"
"09/25/2020","1.2745","1.2754","1.2806","1.2687","164.10K","-0.03%"
"09/24/2020","1.2749","1.2724","1.2782","1.2689","176.37K","0.21%"
"09/23/2020","1.2722","1.2733","1.2778","1.2674","162.98K","-0.07%"
"09/22/2020","1.2731","1.2812","1.2868","1.2710","145.35K","-0.65%"
"09/21/2020","1.2814","1.2924","1.2967","1.2774","132.00K","-0.78%"
"09/18/2020","1.2915","1.2973","1.3001","1.2915","169.33K","-0.44%"
"09/17/2020","1.2972","1.2966","1.3000","1.2865","177.82K","0.05%"
"09/16/2020","1.2965","1.2889","1.3008","1.2874","134.55K","0.61%"
"09/15/2020","1.2886","1.2841","1.2927","1.2815","112.49K","0.33%"
"09/14/2020","1.2844","1.2803","1.2920","1.2775","94.49K","0.40%"
"09/11/2020","1.2793","1.2800","1.2866","1.2763","137.09K","-0.08%"
"09/10/2020","1.2803","1.3003","1.3036","1.2773","137.35K","-1.52%"
"09/09/2020","1.3000","1.2981","1.3024","1.2884","120.78K","0.10%"
"09/08/2020","1.2987","1.3170","1.3180","1.2980","118.81K","-1.36%"
"09/07/2020","1.3166","1.3274","1.3285","1.3140","90.19K","-0.87%"
"09/04/2020","1.3282","1.3282","1.3320","1.3175","127.64K","0.02%"
"09/03/2020","1.3280","1.3349","1.3358","1.3242","132.46K","-0.54%"
"09/02/2020","1.3352","1.3383","1.3404","1.3283","113.35K","-0.22%"
"09/01/2020","1.3381","1.3367","1.3484","1.3355","119.65K","0.09%"
"08/31/2020","1.3369","1.3342","1.3396","1.3301","106.06K","0.15%"
"08/28/2020","1.3349","1.3208","1.3357","1.3185","138.99K","1.14%"
"08/27/2020","1.3198","1.3207","1.3285","1.3162","131.19K","-0.08%"
"08/26/2020","1.3208","1.3153","1.3220","1.3117","107.48K","0.44%"
"08/25/2020","1.3150","1.3068","1.3171","1.3054","108.91K","0.67%"
"08/24/2020","1.3063","1.3086","1.3149","1.3052","100.06K","-0.18%"
"08/21/2020","1.3087","1.3216","1.3256","1.3059","135.43K","-0.95%"
"08/20/2020","1.3212","1.3096","1.3226","1.3063","140.22K","0.87%"
"08/19/2020","1.3098","1.3239","1.3269","1.3094","122.52K","-1.04%"
"08/18/2020","1.3235","1.3099","1.3250","1.3095","107.71K","1.02%"
"08/17/2020","1.3102","1.3087","1.3123","1.3074","102.55K","0.14%"
"08/14/2020","1.3084","1.3060","1.3144","1.3047","111.89K","0.16%"
"08/13/2020","1.3063","1.3035","1.3125","1.3030","114.46K","0.24%"
"08/12/2020","1.3032","1.3053","1.3068","1.3004","99.56K","-0.12%"
"08/11/2020","1.3048","1.3078","1.3132","1.3041","106.86K","-0.17%"
"08/10/2020","1.3070","1.3042","1.3104","1.3018","98.17K","0.15%"
"08/07/2020","1.3051","1.3153","1.3155","1.3009","118.63K","-0.72%"
"08/06/2020","1.3146","1.3114","1.3187","1.3111","122.41K","0.26%"
"08/05/2020","1.3112","1.3073","1.3162","1.3056","103.48K","0.40%"
"08/04/2020","1.3060","1.3075","1.3109","1.2981","105.10K","-0.09%"
"08/03/2020","1.3072","1.3082","1.3113","1.3004","115.90K","-0.12%"
"07/31/2020","1.3088","1.3098","1.3171","1.3069","145.49K","-0.04%"
"07/30/2020","1.3093","1.2997","1.3103","1.2944","143.04K","0.75%"
"07/29/2020","1.2995","1.2932","1.3013","1.2911","124.97K","0.50%"
"07/28/2020","1.2930","1.2882","1.2953","1.2838","130.33K","0.38%"
"07/27/2020","1.2881","1.2786","1.2903","1.2780","130.03K","0.72%"
"07/24/2020","1.2789","1.2741","1.2804","1.2717","145.14K","0.39%"
"07/23/2020","1.2739","1.2734","1.2761","1.2672","142.90K","0.05%"
"07/22/2020","1.2732","1.2733","1.2744","1.2644","128.93K","0.03%"
"07/21/2020","1.2728","1.2658","1.2768","1.2650","126.53K","0.54%"
"07/20/2020","1.2660","1.2565","1.2666","1.2517","116.32K","0.76%"
"07/17/2020","1.2565","1.2552","1.2575","1.2510","118.14K","0.13%"
"07/16/2020","1.2549","1.2584","1.2625","1.2520","130.57K","-0.25%"
"07/15/2020","1.2580","1.2552","1.2651","1.2548","129.88K","0.26%"
"07/14/2020","1.2548","1.2558","1.2567","1.2479","124.79K","-0.03%"
"07/13/2020","1.2552","1.2612","1.2667","1.2550","110.59K","-0.54%"
"07/10/2020","1.2620","1.2607","1.2665","1.2566","116.29K","0.13%"
"07/09/2020","1.2604","1.2614","1.2671","1.2600","126.28K","-0.04%"
"07/08/2020","1.2609","1.2542","1.2624","1.2508","116.00K","0.55%"
"07/07/2020","1.2540","1.2492","1.2593","1.2463","119.36K","0.39%"
"07/06/2020","1.2491","1.2485","1.2521","1.2459","110.42K","0.06%"
"07/03/2020","1.2483","1.2465","1.2494","1.2437","117.50K","0.14%"
"07/02/2020","1.2466","1.2476","1.2531","1.2456","135.88K","-0.03%"
"07/01/2020","1.2470","1.2401","1.2492","1.2358","123.35K","0.57%"
"06/30/2020","1.2399","1.2298","1.2402","1.2257","130.13K","0.84%"
"06/29/2020","1.2296","1.2340","1.2391","1.2251","128.34K","-0.30%"
"06/26/2020","1.2333","1.2421","1.2438","1.2313","134.44K","-0.65%"
"06/25/2020","1.2414","1.2419","1.2465","1.2388","145.88K","-0.03%"
"06/24/2020","1.2418","1.2521","1.2543","1.2414","153.24K","-0.80%"
"06/23/2020","1.2518","1.2467","1.2533","1.2431","151.22K","0.46%"
"06/22/2020","1.2461","1.2356","1.2478","1.2335","144.45K","0.85%"
"06/19/2020","1.2356","1.2421","1.2457","1.2343","146.88K","-0.55%"
"06/18/2020","1.2424","1.2556","1.2568","1.2401","152.59K","-1.04%"
"06/17/2020","1.2554","1.2573","1.2589","1.2510","161.18K","-0.16%"
"06/16/2020","1.2574","1.2605","1.2688","1.2553","157.42K","-0.22%"
"06/15/2020","1.2602","1.2531","1.2608","1.2454","146.52K","0.49%"
"06/12/2020","1.2540","1.2601","1.2655","1.2473","171.82K","-0.48%"
"06/11/2020","1.2600","1.2745","1.2756","1.2586","166.45K","-1.14%"
"06/10/2020","1.2745","1.2731","1.2814","1.2706","155.19K","0.13%"
"06/09/2020","1.2729","1.2723","1.2757","1.2617","143.74K","0.06%"
"06/08/2020","1.2722","1.2681","1.2737","1.2628","130.47K","0.47%"
"06/05/2020","1.2663","1.2607","1.2732","1.2582","139.69K","0.55%"
"06/04/2020","1.2594","1.2576","1.2634","1.2500","138.50K","0.17%"
"06/03/2020","1.2572","1.2550","1.2616","1.2544","148.20K","0.18%"
"06/02/2020","1.2549","1.2501","1.2577","1.2478","144.22K","0.46%"
"06/01/2020","1.2492","1.2339","1.2507","1.2322","127.01K","1.20%"
"05/29/2020","1.2344","1.2320","1.2395","1.2291","142.50K","0.23%"
"05/28/2020","1.2316","1.2261","1.2345","1.2234","145.56K","0.54%"
"05/27/2020","1.2250","1.2332","1.2355","1.2205","141.01K","-0.66%"
"05/26/2020","1.2331","1.2190","1.2364","1.2179","132.15K","1.22%"
"05/25/2020","1.2182","1.2179","1.2205","1.2163","86.97K","0.15%"
"05/22/2020","1.2164","1.2226","1.2242","1.2161","129.11K","-0.47%"
"05/21/2020","1.2222","1.2240","1.2250","1.2185","115.08K","-0.14%"
"05/20/2020","1.2239","1.2241","1.2289","1.2221","125.96K","-0.10%"
"05/19/2020","1.2251","1.2194","1.2297","1.2184","126.05K","0.51%"
"05/18/2020","1.2189","1.2086","1.2228","1.2075","105.24K","0.70%"
"05/15/2020","1.2104","1.2222","1.2239","1.2101","129.52K","-1.00%"
"05/14/2020","1.2226","1.2231","1.2242","1.2165","143.16K","-0.02%"
"05/13/2020","1.2229","1.2260","1.2341","1.2210","131.81K","-0.24%"
"05/12/2020","1.2259","1.2334","1.2377","1.2255","137.46K","-0.62%"
"05/11/2020","1.2335","1.2406","1.2438","1.2284","120.57K","-0.58%"
"05/08/2020","1.2407","1.2364","1.2469","1.2350","131.80K","0.37%"
"05/07/2020","1.2361","1.2347","1.2418","1.2265","131.56K","0.16%"
"05/06/2020","1.2341","1.2435","1.2451","1.2335","108.01K","-0.75%"
"05/05/2020","1.2434","1.2443","1.2485","1.2421","99.29K","-0.06%"
"05/04/2020","1.2442","1.2499","1.2504","1.2405","91.97K","-0.48%"
"05/01/2020","1.2502","1.2599","1.2602","1.2483","123.79K","-0.71%"
"04/30/2020","1.2592","1.2468","1.2643","1.2428","141.97K","1.03%"
"04/29/2020","1.2464","1.2425","1.2487","1.2388","127.23K","0.35%"
"04/28/2020","1.2421","1.2432","1.2519","1.2404","123.00K","-0.06%"
"04/27/2020","1.2428","1.2369","1.2456","1.2359","113.34K","0.49%"
"04/24/2020","1.2367","1.2344","1.2378","1.2298","129.90K","0.20%"
"04/23/2020","1.2342","1.2334","1.2416","1.2307","133.12K","0.08%"
"04/22/2020","1.2332","1.2294","1.2387","1.2273","122.99K","0.32%"
"04/21/2020","1.2293","1.2437","1.2451","1.2247","125.19K","-1.14%"
"04/20/2020","1.2435","1.2487","1.2505","1.2415","115.09K","-0.51%"
"04/17/2020","1.2499","1.2457","1.2523","1.2407","120.38K","0.35%"
"04/16/2020","1.2455","1.2514","1.2531","1.2407","123.83K","-0.47%"
"04/15/2020","1.2514","1.2616","1.2631","1.2437","124.90K","-0.86%"
"04/14/2020","1.2623","1.2514","1.2648","1.2503","116.26K","0.93%"
"04/13/2020","1.2507","1.2464","1.2537","1.2450","87.51K","0.44%"
"04/10/2020","1.2452","1.2458","1.2488","1.2443","59.27K","-0.02%"
"04/09/2020","1.2455","1.2385","1.2485","1.2361","138.46K","0.57%"
"04/08/2020","1.2385","1.2331","1.2421","1.2288","137.65K","0.39%"
"04/07/2020","1.2337","1.2232","1.2385","1.2164","159.89K","0.88%"
"04/06/2020","1.2229","1.2264","1.2328","1.2208","136.64K","-0.25%"
"04/03/2020","1.2260","1.2396","1.2412","1.2206","158.04K","-1.07%"
"04/02/2020","1.2392","1.2376","1.2476","1.2349","163.25K","0.13%"
"04/01/2020","1.2376","1.2429","1.2443","1.2329","140.49K","-0.34%"
"03/31/2020","1.2418","1.2414","1.2474","1.2251","145.06K","0.02%"
"03/30/2020","1.2416","1.2435","1.2469","1.2316","138.80K","-0.32%"
"03/27/2020","1.2456","1.2204","1.2486","1.2131","167.66K","2.09%"
"03/26/2020","1.2201","1.1875","1.2232","1.1775","154.48K","2.66%"
"03/25/2020","1.1885","1.1760","1.1976","1.1639","144.24K","1.09%"
"03/24/2020","1.1757","1.1549","1.1801","1.1508","146.31K","1.81%"
"03/23/2020","1.1548","1.1660","1.1741","1.1446","124.61K","-0.80%"
"03/20/2020","1.1641","1.1487","1.1934","1.1409","148.72K","1.36%"
"03/19/2020","1.1485","1.1619","1.1794","1.1473","159.15K","-1.10%"
"03/18/2020","1.1613","1.2052","1.2131","1.1461","141.95K","-3.63%"
"03/17/2020","1.2050","1.2270","1.2275","1.2002","143.81K","-1.76%"
"03/16/2020","1.2266","1.2285","1.2431","1.2201","139.49K","-0.08%"
"03/13/2020","1.2276","1.2574","1.2626","1.2268","156.48K","-2.35%"
"03/12/2020","1.2571","1.2818","1.2851","1.2490","144.53K","-1.94%"
"03/11/2020","1.2820","1.2904","1.2977","1.2804","122.84K","-0.67%"
"03/10/2020","1.2906","1.3130","1.3133","1.2881","129.71K","-1.71%"
"03/09/2020","1.3131","1.3047","1.3201","1.3031","127.17K","0.64%"
"03/06/2020","1.3047","1.2954","1.3058","1.2943","130.56K","0.72%"
"03/05/2020","1.2954","1.2872","1.2969","1.2859","119.09K","0.65%"
"03/04/2020","1.2870","1.2812","1.2874","1.2770","110.14K","0.47%"
"03/03/2020","1.2810","1.2752","1.2845","1.2738","125.82K","0.47%"
"03/02/2020","1.2750","1.2800","1.2852","1.2739","125.85K","-0.55%"
"02/28/2020","1.2820","1.2885","1.2921","1.2725","132.57K","-0.50%"
"02/27/2020","1.2884","1.2907","1.2947","1.2859","124.45K","-0.15%"
"02/26/2020","1.2903","1.3005","1.3013","1.2895","127.03K","-0.78%"
"02/25/2020","1.3004","1.2924","1.3019","1.2914","120.62K","0.60%"
"02/24/2020","1.2927","1.2960","1.2973","1.2886","115.98K","-0.32%"
"02/21/2020","1.2969","1.2884","1.2982","1.2877","106.95K","0.70%"
"02/20/2020","1.2879","1.2922","1.2930","1.2848","110.65K","-0.31%"
"02/19/2020","1.2919","1.2998","1.3024","1.2907","102.24K","-0.61%"
"02/18/2020","1.2998","1.3007","1.3049","1.2970","100.83K","-0.06%"
"02/17/2020","1.3006","1.3036","1.3055","1.2998","87.48K","-0.31%"
"02/14/2020","1.3046","1.3051","1.3065","1.3001","109.69K","0.01%"
"02/13/2020","1.3045","1.2960","1.3070","1.2944","119.37K","0.66%"
"02/12/2020","1.2960","1.2952","1.2993","1.2947","101.75K","0.07%"
"02/11/2020","1.2951","1.2915","1.2969","1.2895","104.08K","0.29%"
"02/10/2020","1.2913","1.2897","1.2947","1.2872","113.59K","0.17%"
"02/07/2020","1.2891","1.2930","1.2960","1.2881","106.57K","-0.29%"
"02/06/2020","1.2928","1.2999","1.3005","1.2921","114.03K","-0.55%"
"02/05/2020","1.3000","1.3033","1.3071","1.2956","101.16K","-0.22%"
"02/04/2020","1.3029","1.2996","1.3047","1.2940","104.96K","0.28%"
"02/03/2020","1.2993","1.3217","1.3217","1.2982","106.13K","-1.56%"
"01/31/2020","1.3199","1.3099","1.3210","1.3083","110.90K","0.80%"
"01/30/2020","1.3094","1.3020","1.3111","1.2977","110.13K","0.57%"
"01/29/2020","1.3020","1.3028","1.3032","1.2989","97.12K","-0.05%"
"01/28/2020","1.3027","1.3055","1.3067","1.2975","105.23K","-0.20%"
"01/27/2020","1.3053","1.3075","1.3105","1.3040","106.01K","-0.18%"
"01/24/2020","1.3076","1.3122","1.3174","1.3056","110.12K","-0.34%"
"01/23/2020","1.3121","1.3142","1.3152","1.3096","79.89K","-0.14%"
"01/22/2020","1.3140","1.3051","1.3154","1.3034","105.90K","0.71%"
"01/21/2020","1.3047","1.3013","1.3085","1.2995","99.08K","0.29%"
"01/20/2020","1.3009","1.3002","1.3014","1.2961","99.78K","0.01%"
"01/17/2020","1.3008","1.3080","1.3119","1.3005","106.93K","-0.52%"
"01/16/2020","1.3076","1.3039","1.3084","1.3024","114.90K","0.31%"
"01/15/2020","1.3036","1.3018","1.3044","1.2986","102.04K","0.15%"
"01/14/2020","1.3017","1.2988","1.3034","1.2953","103.24K","0.22%"
"01/13/2020","1.2988","1.3055","1.3064","1.2960","109.36K","-0.54%"
"01/10/2020","1.3059","1.3067","1.3097","1.3041","109.27K","-0.05%"
"01/09/2020","1.3065","1.3101","1.3125","1.3012","109.31K","-0.24%"
"01/08/2020","1.3097","1.3125","1.3171","1.3080","117.53K","-0.20%"
"01/07/2020","1.3123","1.3168","1.3213","1.3095","105.71K","-0.33%"
"01/06/2020","1.3167","1.3075","1.3175","1.3063","94.88K","0.62%"
"01/03/2020","1.3086","1.3138","1.3162","1.3053","106.92K","-0.44%"
"01/02/2020","1.3144","1.3255","1.3268","1.3115","89.34K","-0.83%"
"01/01/2020","1.3254","1.3261","1.3276","1.3237","9.89K","-0.04%"
"12/31/2019","1.3259","1.3117","1.3285","1.3106","97.86K","1.11%"
"12/30/2019","1.3113","1.3066","1.3152","1.3066","100.82K","0.28%"
"12/27/2019","1.3076","1.2992","1.3118","1.2967","85.56K","0.65%"
"12/26/2019","1.2992","1.2961","1.3017","1.2952","99.65K","0.25%"
"12/25/2019","1.2960","1.2943","1.2990","1.2921","34.43K","0.12%"
"12/24/2019","1.2944","1.2936","1.2972","1.2912","108.05K","0.09%"
"12/23/2019","1.2933","1.2994","1.3033","1.2904","97.34K","-0.53%"
"12/20/2019","1.3002","1.3010","1.3081","1.2978","105.25K","-0.04%"
"12/19/2019","1.3007","1.3079","1.3133","1.2989","105.63K","-0.53%"
"12/18/2019","1.3076","1.3129","1.3136","1.3059","102.03K","-0.40%"
"12/17/2019","1.3128","1.3330","1.3340","1.3099","97.52K","-1.51%"
"12/16/2019","1.3329","1.3336","1.3423","1.3320","106.33K","0.03%"
"12/13/2019","1.3325","1.3168","1.3516","1.3160","138.64K","1.24%"
"12/12/2019","1.3162","1.3203","1.3230","1.3051","123.19K","-0.23%"
"12/11/2019","1.3193","1.3157","1.3214","1.3106","100.27K","0.30%"
"12/10/2019","1.3154","1.3151","1.3217","1.3132","78.09K","0.08%"
"12/09/2019","1.3143","1.3139","1.3182","1.3117","88.94K","0.06%"
"12/06/2019","1.3135","1.3157","1.3167","1.3100","97.98K","-0.15%"
"12/05/2019","1.3155","1.3104","1.3168","1.3102","98.16K","0.40%"
"12/04/2019","1.3103","1.2993","1.3122","1.2981","99.53K","0.85%"
"12/03/2019","1.2992","1.2940","1.3012","1.2930","87.96K","0.43%"
"12/02/2019","1.2936","1.2917","1.2951","1.2895","93.88K","0.02%"
"11/29/2019","1.2933","1.2911","1.2948","1.2879","98.21K","0.17%"
"11/28/2019","1.2911","1.2921","1.2952","1.2898","109.36K","-0.08%"
"11/27/2019","1.2921","1.2866","1.2924","1.2826","99.85K","0.44%"
"11/26/2019","1.2865","1.2899","1.2910","1.2836","101.37K","-0.26%"
"11/25/2019","1.2898","1.2851","1.2913","1.2840","101.02K","0.53%"
"11/22/2019","1.2830","1.2915","1.2930","1.2823","103.61K","-0.64%"
"11/21/2019","1.2913","1.2924","1.2972","1.2893","106.12K","-0.07%"
"11/20/2019","1.2922","1.2924","1.2933","1.2887","97.08K","0.00%"
"11/19/2019","1.2922","1.2954","1.2971","1.2909","92.52K","-0.23%"
"11/18/2019","1.2952","1.2905","1.2986","1.2900","92.76K","0.41%"
"11/15/2019","1.2899","1.2881","1.2921","1.2866","99.34K","0.14%"
"11/14/2019","1.2881","1.2851","1.2889","1.2824","101.29K","0.25%"
"11/13/2019","1.2849","1.2848","1.2865","1.2822","81.52K","0.04%"
"11/12/2019","1.2844","1.2855","1.2875","1.2815","89.76K","-0.05%"
"11/11/2019","1.2851","1.2777","1.2898","1.2777","85.39K","0.63%"
"11/08/2019","1.2770","1.2813","1.2826","1.2768","101.84K","-0.34%"
"11/07/2019","1.2813","1.2853","1.2879","1.2794","122.96K","-0.29%"
"11/06/2019","1.2850","1.2885","1.2898","1.2844","89.56K","-0.25%"
"11/05/2019","1.2882","1.2884","1.2918","1.2859","104.16K","0.00%"
"11/04/2019","1.2882","1.2944","1.2948","1.2875","97.16K","-0.40%"
"11/01/2019","1.2934","1.2940","1.2974","1.2926","109.42K","-0.05%"
"10/31/2019","1.2940","1.2904","1.2976","1.2894","118.65K","0.30%"
"10/30/2019","1.2901","1.2869","1.2909","1.2845","101.52K","0.28%"
"10/29/2019","1.2865","1.2865","1.2905","1.2806","102.72K","0.02%"
"10/28/2019","1.2862","1.2825","1.2878","1.2810","92.63K","0.32%"
"10/25/2019","1.2821","1.2852","1.2864","1.2803","106.00K","-0.23%"
"10/24/2019","1.2850","1.2912","1.2952","1.2788","123.12K","-0.51%"
"10/23/2019","1.2916","1.2872","1.2923","1.2840","121.75K","0.34%"
"10/22/2019","1.2872","1.2959","1.3001","1.2861","116.04K","-0.66%"
"10/21/2019","1.2958","1.2925","1.3013","1.2874","116.06K","-0.10%"
"10/18/2019","1.2971","1.2890","1.2987","1.2838","130.77K","0.64%"
"10/17/2019","1.2888","1.2832","1.2990","1.2750","143.31K","0.45%"
"10/16/2019","1.2830","1.2787","1.2877","1.2656","126.17K","0.34%"
"10/15/2019","1.2786","1.2609","1.2800","1.2602","124.12K","1.43%"
"10/14/2019","1.2606","1.2625","1.2654","1.2515","115.08K","-0.32%"
"10/11/2019","1.2647","1.2441","1.2708","1.2407","133.18K","1.66%"
"10/10/2019","1.2440","1.2206","1.2470","1.2205","121.67K","1.93%"
"10/09/2019","1.2204","1.2219","1.2292","1.2198","91.63K","-0.11%"
"10/08/2019","1.2217","1.2292","1.2304","1.2194","98.38K","-0.59%"
"10/07/2019","1.2290","1.2326","1.2338","1.2286","72.24K","-0.34%"
"10/04/2019","1.2332","1.2333","1.2358","1.2276","103.82K","0.03%"
"10/03/2019","1.2328","1.2306","1.2414","1.2265","109.34K","0.23%"
"10/02/2019","1.2300","1.2307","1.2325","1.2227","104.44K","-0.01%"
"10/01/2019","1.2301","1.2287","1.2342","1.2206","111.70K","0.11%"
"09/30/2019","1.2287","1.2289","1.2348","1.2275","99.22K","-0.01%"
"09/27/2019","1.2288","1.2322","1.2338","1.2270","113.81K","-0.28%"
"09/26/2019","1.2322","1.2356","1.2382","1.2302","119.13K","-0.22%"
"09/25/2019","1.2349","1.2484","1.2500","1.2347","107.56K","-1.11%"
"09/24/2019","1.2488","1.2429","1.2503","1.2414","110.21K","0.47%"
"09/23/2019","1.2429","1.2469","1.2492","1.2413","90.58K","-0.38%"
"09/20/2019","1.2477","1.2524","1.2583","1.2459","126.12K","-0.38%"
"09/19/2019","1.2524","1.2473","1.2560","1.2438","119.83K","0.45%"
"09/18/2019","1.2468","1.2502","1.2514","1.2438","115.04K","-0.26%"
"09/17/2019","1.2500","1.2437","1.2528","1.2392","117.37K","0.58%"
"09/16/2019","1.2428","1.2501","1.2511","1.2399","119.26K","-0.58%"
"09/13/2019","1.2500","1.2335","1.2507","1.2327","124.31K","1.36%"
"09/12/2019","1.2332","1.2325","1.2368","1.2283","131.85K","0.05%"
"09/11/2019","1.2326","1.2349","1.2372","1.2312","112.46K","-0.16%"
"09/10/2019","1.2346","1.2347","1.2377","1.2306","111.66K","0.01%"
"09/09/2019","1.2345","1.2273","1.2385","1.2233","116.71K","0.52%"
"09/06/2019","1.2281","1.2331","1.2345","1.2278","134.31K","-0.39%"
"09/05/2019","1.2329","1.2253","1.2355","1.2210","146.15K","0.64%"
"09/04/2019","1.2250","1.2078","1.2259","1.2076","131.54K","1.37%"
"09/03/2019","1.2084","1.2067","1.2106","1.1958","130.01K","0.15%"
"09/02/2019","1.2066","1.2149","1.2176","1.2034","99.39K","-0.74%"
"08/30/2019","1.2156","1.2180","1.2226","1.2139","124.69K","-0.26%"
"08/29/2019","1.2188","1.2211","1.2234","1.2171","126.04K","-0.17%"
"08/28/2019","1.2209","1.2290","1.2293","1.2156","123.46K","-0.63%"
"08/27/2019","1.2287","1.2219","1.2310","1.2208","112.86K","0.59%"
"08/26/2019","1.2215","1.2264","1.2287","1.2207","112.34K","-0.51%"
"08/23/2019","1.2277","1.2251","1.2294","1.2194","134.91K","0.22%"
"08/22/2019","1.2250","1.2128","1.2273","1.2107","120.68K","1.02%"
"08/21/2019","1.2126","1.2170","1.2177","1.2112","117.18K","-0.35%"
"08/20/2019","1.2168","1.2127","1.2183","1.2064","120.00K","0.35%"
"08/19/2019","1.2125","1.2148","1.2174","1.2104","105.82K","-0.20%"
"08/16/2019","1.2149","1.2086","1.2177","1.2076","108.18K","0.54%"
"08/15/2019","1.2084","1.2062","1.2151","1.2049","114.79K","0.21%"
"08/14/2019","1.2059","1.2058","1.2102","1.2045","119.08K","0.01%"
"08/13/2019","1.2058","1.2076","1.2098","1.2041","118.47K","-0.12%"
"08/12/2019","1.2073","1.2048","1.2107","1.2014","110.73K","0.32%"
"08/09/2019","1.2034","1.2126","1.2155","1.2024","111.65K","-0.80%"
"08/08/2019","1.2131","1.2141","1.2184","1.2095","118.71K","-0.07%"
"08/07/2019","1.2140","1.2170","1.2192","1.2120","126.49K","-0.21%"
"08/06/2019","1.2166","1.2145","1.2211","1.2133","124.23K","0.21%"
"08/05/2019","1.2141","1.2143","1.2190","1.2101","125.11K","-0.11%"
"08/02/2019","1.2154","1.2135","1.2170","1.2090","123.81K","0.19%"
"08/01/2019","1.2131","1.2155","1.2171","1.2078","130.43K","-0.21%"
"07/31/2019","1.2157","1.2154","1.2250","1.2134","120.39K","0.07%"
"07/30/2019","1.2149","1.2220","1.2228","1.2119","125.64K","-0.56%"
"07/29/2019","1.2217","1.2386","1.2389","1.2212","109.70K","-1.32%"
"07/26/2019","1.2380","1.2464","1.2464","1.2376","108.06K","-0.59%"
"07/25/2019","1.2454","1.2484","1.2519","1.2436","120.13K","-0.22%"
"07/24/2019","1.2481","1.2438","1.2523","1.2426","111.54K","0.36%"
"07/23/2019","1.2436","1.2473","1.2483","1.2418","115.70K","-0.30%"
"07/22/2019","1.2474","1.2508","1.2522","1.2455","100.90K","-0.21%"
"07/19/2019","1.2500","1.2551","1.2557","1.2477","110.90K","-0.37%"
"07/18/2019","1.2546","1.2433","1.2559","1.2426","121.18K","0.93%"
"07/17/2019","1.2431","1.2407","1.2457","1.2382","108.82K","0.23%"
"07/16/2019","1.2403","1.2515","1.2522","1.2395","112.27K","-0.89%"
"07/15/2019","1.2514","1.2573","1.2581","1.2509","104.23K","-0.47%"
"07/12/2019","1.2573","1.2520","1.2580","1.2517","133.17K","0.43%"
"07/11/2019","1.2519","1.2499","1.2572","1.2498","133.23K","0.16%"
"07/10/2019","1.2499","1.2468","1.2522","1.2443","119.79K","0.27%"
"07/09/2019","1.2465","1.2514","1.2524","1.2440","111.88K","-0.36%"
"07/08/2019","1.2510","1.2517","1.2541","1.2499","101.88K","-0.10%"
"07/05/2019","1.2523","1.2581","1.2588","1.2480","122.23K","-0.42%"
"07/04/2019","1.2576","1.2573","1.2593","1.2567","110.44K","0.04%"
"07/03/2019","1.2571","1.2592","1.2603","1.2557","112.54K","-0.16%"
"07/02/2019","1.2591","1.2641","1.2654","1.2583","118.66K","-0.37%"
"07/01/2019","1.2638","1.2695","1.2708","1.2631","116.92K","-0.43%"
"06/28/2019","1.2693","1.2677","1.2736","1.2663","124.68K","0.14%"
"06/27/2019","1.2675","1.2687","1.2725","1.2661","122.46K","-0.10%"
"06/26/2019","1.2688","1.2700","1.2708","1.2663","123.09K","-0.07%"
"06/25/2019","1.2697","1.2742","1.2785","1.2671","112.49K","-0.33%"
"06/24/2019","1.2739","1.2722","1.2767","1.2708","107.52K","-0.01%"
"06/21/2019","1.2740","1.2701","1.2750","1.2642","137.02K","0.32%"
"06/20/2019","1.2699","1.2642","1.2729","1.2632","144.90K","0.47%"
"06/19/2019","1.2639","1.2558","1.2674","1.2542","113.50K","0.66%"
"06/18/2019","1.2556","1.2534","1.2566","1.2506","116.29K","0.19%"
"06/17/2019","1.2532","1.2600","1.2607","1.2531","111.26K","-0.46%"
"06/14/2019","1.2590","1.2676","1.2684","1.2579","140.08K","-0.65%"
"06/13/2019","1.2672","1.2690","1.2709","1.2661","143.74K","-0.11%"
"06/12/2019","1.2686","1.2724","1.2759","1.2680","144.63K","-0.28%"
"06/11/2019","1.2722","1.2686","1.2734","1.2669","142.29K","0.31%"
"06/10/2019","1.2683","1.2731","1.2748","1.2653","118.52K","-0.40%"
"06/07/2019","1.2734","1.2702","1.2764","1.2687","115.71K","0.28%"
"06/06/2019","1.2699","1.2684","1.2743","1.2667","146.93K","0.12%"
"06/05/2019","1.2684","1.2697","1.2744","1.2679","145.52K","-0.09%"
"06/04/2019","1.2696","1.2665","1.2716","1.2642","153.60K","0.26%"
"06/03/2019","1.2663","1.2627","1.2675","1.2609","122.27K","0.25%"
"05/31/2019","1.2631","1.2608","1.2645","1.2558","163.95K","0.20%"
"05/30/2019","1.2606","1.2627","1.2641","1.2579","142.64K","-0.15%"
"05/29/2019","1.2625","1.2654","1.2672","1.2611","150.97K","-0.21%"
"05/28/2019","1.2652","1.2679","1.2702","1.2650","144.41K","-0.20%"
"05/27/2019","1.2677","1.2727","1.2756","1.2666","132.13K","-0.28%"
"05/24/2019","1.2712","1.2657","1.2734","1.2646","155.23K","0.46%"
"05/23/2019","1.2654","1.2663","1.2685","1.2605","152.56K","-0.06%"
"05/22/2019","1.2661","1.2706","1.2722","1.2623","141.27K","-0.35%"
"05/21/2019","1.2705","1.2730","1.2815","1.2685","148.19K","-0.17%"
"05/20/2019","1.2726","1.2721","1.2759","1.2714","109.70K","0.06%"
"05/17/2019","1.2718","1.2797","1.2809","1.2713","125.78K","-0.60%"
"05/16/2019","1.2795","1.2843","1.2864","1.2787","126.66K","-0.41%"
"05/15/2019","1.2848","1.2908","1.2924","1.2825","138.60K","-0.43%"
"05/14/2019","1.2904","1.2958","1.2973","1.2902","133.33K","-0.39%"
"05/13/2019","1.2955","1.2998","1.3042","1.2940","125.00K","-0.34%"
"05/10/2019","1.2999","1.3008","1.3048","1.2990","146.41K","-0.11%"
"05/09/2019","1.3013","1.3007","1.3037","1.2967","145.90K","0.05%"
"05/08/2019","1.3006","1.3077","1.3082","1.2987","145.53K","-0.52%"
"05/07/2019","1.3074","1.3097","1.3133","1.3039","152.93K","-0.16%"
"05/06/2019","1.3095","1.3114","1.3171","1.3081","130.13K","-0.58%"
"05/03/2019","1.3171","1.3033","1.3178","1.2989","135.47K","1.05%"
"05/02/2019","1.3034","1.3050","1.3082","1.3017","128.73K","-0.11%"
"05/01/2019","1.3049","1.3033","1.3103","1.3029","125.35K","0.14%"
"04/30/2019","1.3031","1.2939","1.3050","1.2924","145.39K","0.73%"
"04/29/2019","1.2936","1.2926","1.2947","1.2904","119.95K","0.15%"
"04/26/2019","1.2917","1.2899","1.2945","1.2876","186.04K","0.16%"
"04/25/2019","1.2897","1.2902","1.2918","1.2865","178.29K","-0.02%"
"04/24/2019","1.2900","1.2938","1.2965","1.2888","180.82K","-0.29%"
"04/23/2019","1.2937","1.2981","1.3020","1.2928","164.01K","-0.35%"
"04/22/2019","1.2982","1.2995","1.3002","1.2974","127.51K","-0.05%"
"04/19/2019","1.2988","1.2998","1.3015","1.2982","165.76K","-0.06%"
"04/18/2019","1.2996","1.3042","1.3054","1.2979","173.71K","-0.36%"
"04/17/2019","1.3043","1.3049","1.3069","1.3029","155.44K","-0.04%"
"04/16/2019","1.3048","1.3102","1.3113","1.3042","165.11K","-0.37%"
"04/15/2019","1.3097","1.3076","1.3120","1.3065","136.46K","0.12%"
"04/12/2019","1.3081","1.3061","1.3133","1.3049","163.02K","0.21%"
"04/11/2019","1.3054","1.3092","1.3110","1.3050","175.61K","-0.27%"
"04/10/2019","1.3089","1.3058","1.3122","1.3043","163.33K","0.22%"
"04/09/2019","1.3060","1.3065","1.3123","1.3030","159.75K","-0.02%"
"04/08/2019","1.3062","1.3036","1.3076","1.3021","133.52K","0.20%"
"04/05/2019","1.3036","1.3079","1.3124","1.2987","188.70K","-0.31%"
"04/04/2019","1.3077","1.3161","1.3192","1.3060","191.07K","-0.62%"
"04/03/2019","1.3159","1.3127","1.3197","1.3121","203.85K","0.24%"
"04/02/2019","1.3127","1.3102","1.3151","1.3013","199.03K","0.21%"
"04/01/2019","1.3099","1.3038","1.3151","1.3009","154.18K","0.52%"
"03/29/2019","1.3031","1.3046","1.3137","1.2978","199.57K","-0.09%"
"03/28/2019","1.3043","1.3189","1.3217","1.3034","203.65K","-1.11%"
"03/27/2019","1.3189","1.3208","1.3270","1.3166","185.82K","-0.14%"
"03/26/2019","1.3207","1.3194","1.3263","1.3158","176.11K","0.04%"
"03/25/2019","1.3202","1.3207","1.3247","1.3160","140.04K","-0.05%"
"03/22/2019","1.3209","1.3109","1.3225","1.3081","196.05K","0.78%"
"03/21/2019","1.3107","1.3196","1.3230","1.3004","192.31K","-0.67%"
"03/20/2019","1.3196","1.3269","1.3283","1.3145","189.58K","-0.54%"
"03/19/2019","1.3267","1.3256","1.3312","1.3240","175.20K","0.09%"
"03/18/2019","1.3255","1.3288","1.3302","1.3183","136.74K","-0.26%"
"03/15/2019","1.3289","1.3240","1.3302","1.3202","199.54K","0.38%"
"03/14/2019","1.3239","1.3341","1.3342","1.3207","218.80K","-0.73%"
"03/13/2019","1.3337","1.3076","1.3384","1.3059","191.52K","2.02%"
"03/12/2019","1.3073","1.3151","1.3290","1.3004","214.38K","-0.59%"
"03/11/2019","1.3151","1.3018","1.3172","1.2948","174.17K","1.04%"
"03/08/2019","1.3015","1.3085","1.3110","1.2989","171.63K","-0.53%"
"03/07/2019","1.3084","1.3170","1.3187","1.3068","169.53K","-0.65%"
"03/06/2019","1.3169","1.3180","1.3182","1.3124","186.22K","-0.05%"
"03/05/2019","1.3175","1.3177","1.3199","1.3097","175.89K","-0.08%"
"03/04/2019","1.3186","1.3238","1.3275","1.3166","160.52K","-0.12%"
"03/01/2019","1.3202","1.3262","1.3288","1.3171","196.05K","-0.44%"
"02/28/2019","1.3261","1.3309","1.3326","1.3253","196.63K","-0.35%"
"02/27/2019","1.3308","1.3250","1.3350","1.3233","193.56K","0.44%"
"02/26/2019","1.3250","1.3089","1.3290","1.3089","179.34K","1.18%"
"02/25/2019","1.3095","1.3074","1.3115","1.3040","151.67K","0.33%"
"02/22/2019","1.3052","1.3045","1.3082","1.2967","162.35K","0.02%"
"02/21/2019","1.3049","1.3051","1.3096","1.3025","187.78K","0.00%"
"02/20/2019","1.3049","1.3062","1.3110","1.3011","180.87K","-0.10%"
"02/19/2019","1.3062","1.2923","1.3075","1.2895","153.66K","1.09%"
"02/18/2019","1.2921","1.2891","1.2939","1.2891","136.78K","0.25%"
"02/15/2019","1.2889","1.2808","1.2899","1.2784","170.67K","0.61%"
"02/14/2019","1.2811","1.2845","1.2879","1.2772","160.35K","-0.26%"
"02/13/2019","1.2844","1.2893","1.2960","1.2845","164.21K","-0.36%"
"02/12/2019","1.2890","1.2859","1.2910","1.2832","174.29K","0.32%"
"02/11/2019","1.2849","1.2949","1.2957","1.2845","133.53K","-0.76%"
"02/08/2019","1.2947","1.2954","1.2977","1.2921","158.50K","-0.05%"
"02/07/2019","1.2953","1.2933","1.2997","1.2853","169.36K","0.16%"
"02/06/2019","1.2932","1.2950","1.2981","1.2925","187.91K","-0.08%"
"02/05/2019","1.2942","1.3039","1.3056","1.2924","173.42K","-0.71%"
"02/04/2019","1.3035","1.3085","1.3104","1.3029","135.28K","-0.37%"
"02/01/2019","1.3083","1.3107","1.3116","1.3043","166.69K","-0.13%"
"01/31/2019","1.3100","1.3116","1.3161","1.3097","176.67K","-0.12%"
"01/30/2019","1.3116","1.3066","1.3147","1.3053","185.24K","0.38%"
"01/29/2019","1.3066","1.3168","1.3200","1.3056","182.43K","-0.73%"
"01/28/2019","1.3162","1.3194","1.3214","1.3137","155.99K","-0.30%"
"01/25/2019","1.3201","1.3065","1.3218","1.3055","189.37K","1.05%"
"01/24/2019","1.3064","1.3068","1.3096","1.3011","177.31K","-0.02%"
"01/23/2019","1.3067","1.2959","1.3082","1.2943","180.17K","0.85%"
"01/22/2019","1.2957","1.2890","1.2976","1.2855","179.60K","0.52%"
"01/21/2019","1.2890","1.2883","1.2912","1.2830","167.11K","0.13%"
"01/18/2019","1.2873","1.2986","1.2995","1.2856","174.26K","-0.85%"
"01/17/2019","1.2984","1.2886","1.3002","1.2832","188.37K","0.80%"